2020,Ford,Edge,2.0,5W-20,6.0,150
2020,Ford,Edge,2.7,5W-20,6.0,150
2020,Ford,Edge,2.7,5W-30,6.0,150
2020,Ford,Edge,2.7,0W-20,6.0,150
2020,Ford,Escape,1.5,5W-20,5.7,150
2020,Ford,Escape,2.0,5W-20,5.7,150
2020,Ford,Escape,2.5,5W-20,5.7,150
2020,Ford,Escape,2.5,0W-20,5.7,150
2020,Ford,Escape,2.5,5W-30,5.7,150
2020,Ford,Escape,2.5,5W-30,5.7,150
2020,Ford,Escape,2.5,0W-20,5.7,150
2020,Ford,Expedition,3.5,5W-20,6.0,150
2020,Ford,Expedition,3.5,5W-30,6.0,150
2020,Ford,Expedition,3.5,0W-20,6.0,150
2020,Ford,Explorer,2.3,5W-20,5.7,150
2020,Ford,Explorer,3.0,5W-20,5.7,150
2020,Ford,Explorer,3.3,5W-20,5.7,150
2020,Ford,Explorer,3.3,0W-20,5.7,150
2020,Ford,Explorer,3.3,5W-30,5.7,150
2020,Ford,Explorer,3.3,0W-20,5.7,150
2020,Ford,F-150,2.7,5W-20,6.0,150
2020,Ford,F-150,3.3,5W-20,6.0,150
2020,Ford,F-150,3.5,5W-20,6.0,150
2020,Ford,F-150,3.5,5W-30,6.0,150
2020,Ford,F-150,3.5,0W-20,6.0,150
2020,Ford,F-150,5.0,5W-20,6.0,150
2020,Ford,F-150,5.0,5W-30,6.0,150
2020,Ford,F-150,5.0,5W-20,6.0,150
2020,Ford,F-150,5.0,0W-20,6.0,150
2020,Ford,F-150,5.0,5W-30,6.0,150
2020,Ford,F-250,6.2,5W-20,7.0,150
2020,Ford,F-250,6.2,5W-30,7.0,150
2020,Ford,F-250,6.7,5W-40,7.0,150
2020,Ford,F-250,7.3,5W-30,7.0,150
2020,Ford,F-350,6.2,5W-20,7.0,150
2020,Ford,F-350,6.2,5W-30,7.0,150
2020,Ford,F-350,6.7,5W-40,7.0,150
2020,Ford,F-350,7.3,5W-30,7.0,150
2020,Ford,Fusion,1.5,5W-20,5.7,150
2020,Ford,Fusion,2.0,5W-20,5.7,150
2020,Ford,Fusion,2.0,5W-30,5.7,150
2020,Ford,Fusion,2.0,0W-20,5.7,150
2020,Ford,Fusion,2.5,5W-20,5.7,150
2020,Ford,Fusion,2.5,5W-30,5.7,150
2020,Ford,Fusion,2.5,0W-20,5.7,150
2020,Ford,Mustang,2.3,5W-20,5.7,150
2020,Ford,Mustang,2.3,5W-30,5.7,150
2020,Ford,Mustang,2.3,0W-20,5.7,150
2020,Ford,Mustang,5.0,5W-20,8.0,150
2020,Ford,Mustang,5.0,5W-30,8.0,150
2020,Ford,Mustang,5.0,5W-30,8.0,150
2020,Ford,Ranger,2.3,5W-20,6.0,150
2020,Ford,Ranger,2.3,5W-30,6.0,150
2020,Ford,Ranger,2.3,0W-20,6.0,150
2020,Ford,Ranger,2.3,5W-30,6.0,150
2020,Ford,Ranger,2.3,5W-30,6.0,150
2020,Ford,Transit Connect,2.0,5W-20,6.0,150
2020,Ford,Transit Connect,2.0,5W-30,6.0,150
2020,Ford,Transit Connect,2.0,0W-20,6.0,150
2020,Ford,Transit Connect,2.0,5W-30,6.0,150
2020,Ford,Transit Connect,2.0,5W-30,6.0,150
2020,Chevrolet,Blazer,2.5,5W-30,6.0,140
2020,Chevrolet,Blazer,3.6,5W-30,6.0,140
2020,Chevrolet,Camaro,2.0,5W-30,5.7,100
2020,Chevrolet,Camaro,3.6,5W-30,5.7,100
2020,Chevrolet,Camaro,6.2,5W-30,8.0,100
2020,Chevrolet,Colorado,2.5,5W-30,6.0,100
2020,Chevrolet,Colorado,2.8,5W-30,6.0,100
2020,Chevrolet,Colorado,3.6,5W-30,6.0,100
2020,Chevrolet,Corvette,6.2,5W-30,9.0,100
2020,Chevrolet,Equinox,1.5,5W-30,5.7,100
2020,Chevrolet,Equinox,2.0,5W-30,5.7,100
2020,Chevrolet,Express 2500,4.3,5W-30,6.0,150
2020,Chevrolet,Express 2500,6.0,5W-30,6.0,150
2020,Chevrolet,Impala,2.5,5W-30,6.0,100
2020,Chevrolet,Malibu,1.5,5W-30,5.7,100
2020,Chevrolet,Malibu,1.8,5W-30,5.7,100
2020,Chevrolet,Silverado 1500,2.7,5W-30,8.0,140
2020,Chevrolet,Silverado 1500,4.3,5W-30,8.0,140
2020,Chevrolet,Silverado 1500,5.3,5W-30,8.0,140
2020,Chevrolet,Silverado 1500,6.2,5W-30,8.0,140
2020,Chevrolet,Silverado 2500HD,6.6,5W-30,10.0,140
2020,Chevrolet,Silverado 3500HD,6.6,5W-30,10.0,140
2020,Chevrolet,Sonic,1.4,5W-30,4.7,100
2020,Chevrolet,Spark,1.4,5W-30,4.7,100
2020,Chevrolet,Suburban,5.3,5W-30,8.0,140
2020,Chevrolet,Suburban,6.2,5W-30,8.0,140
2020,Chevrolet,Tahoe,5.3,5W-30,8.0,140
2020,Chevrolet,Tahoe,6.2,5W-30,8.0,140
2020,Chevrolet,Trailblazer,1.2,5W-30,4.7,100
2020,Chevrolet,Trailblazer,1.3,5W-30,4.7,100
2020,Chevrolet,Traverse,3.6,5W-30,6.0,140
2020,Chevrolet,Trax,1.4,5W-30,4.7,100
2020,Chevrolet,Trax,1.8,5W-30,4.7,100
2020,Chevrolet,Blazer,2.0,5W-30,6.0,140
2020,Chevrolet,Blazer,2.5,5W-30,6.0,140
2020,Chevrolet,Blazer,3.6,5W-30,6.0,140
2020,Chevrolet,Camaro,2.0,5W-30,5.7,100
2020,Chevrolet,Camaro,3.6,5W-30,5.7,100
2020,Chevrolet,Camaro,6.2,5W-30,8.0,100
2020,Chevrolet,Colorado,2.5,5W-30,6.0,100
2020,Chevrolet,Colorado,2.8,5W-30,6.0,100
2020,Chevrolet,Colorado,3.6,5W-30,6.0,100
2020,Chevrolet,Corvette,6.2,5W-30,9.0,100
2020,Chevrolet,Equinox,1.5,5W-30,5.7,100
2020,Chevrolet,Equinox,2.0,5W-30,5.7,100
2020,Chevrolet,Express 2500,4.3,5W-30,6.0,150
2020,Chevrolet,Express 2500,6.0,5W-30,6.0,150
2020,Chevrolet,Impala,2.5,5W-30,6.0,100
2020,Chevrolet,Malibu,1.5,5W-30,5.7,100
2020,Chevrolet,Malibu,1.8,5W-30,5.7,100
2020,Chevrolet,Silverado 1500,2.7,5W-30,8.0,140
2020,Chevrolet,Silverado 1500,4.3,5W-30,8.0,140
2020,Chevrolet,Silverado 1500,5.3,5W-30,8.0,140
2020,Chevrolet,Silverado 1500,6.2,5W-30,8.0,140
2020,Chevrolet,Silverado 2500HD,6.6,5W-30,10.0,140
2020,Chevrolet,Silverado 3500HD,6.6,5W-30,10.0,140
2020,Chevrolet,Sonic,1.4,5W-30,4.7,100
2020,Chevrolet,Spark,1.4,5W-30,4.7,100
2020,Chevrolet,Suburban,5.3,5W-30,8.0,140
2020,Chevrolet,Suburban,6.2,5W-30,8.0,140
2020,Chevrolet,Tahoe,5.3,5W-30,8.0,140
2020,Chevrolet,Tahoe,6.2,5W-30,8.0,140
2020,Chevrolet,Trailblazer,1.2,5W-30,4.7,100
2020,Chevrolet,Trailblazer,1.3,5W-30,4.7,100
2020,Chevrolet,Traverse,3.6,5W-30,6.0,140
2020,Chevrolet,Trax,1.4,5W-30,4.7,100
2020,Chevrolet,Trax,1.8,5W-30,4.7,100
2020,Chevrolet,Trax,1.4,5W-20,4.7,100
2020,Chevrolet,Trax,1.8,5W-20,4.7,100
2020,Chevrolet,Traverse,3.6,5W-20,6.0,140
2020,Chevrolet,Traverse,3.6,0W-20,6.0,140
2020,Chevrolet,Express 1500,4.3,5W-30,6.0,150
2020,Chevrolet,Express 3500,4.3,5W-30,6.0,150
2020,Chevrolet,Express 3500,6.0,5W-30,6.0,150
2020,Chevrolet,Express 3500,6.0,0W-20,6.0,150
2020,Chevrolet,Express 3500,6.0,5W-20,6.0,150
2020,Chevrolet,Blazer,2.0,5W-30,6.0,140
2020,Chevrolet,Blazer,2.5,5W-30,6.0,140
2020,Chevrolet,Blazer,3.6,5W-30,6.0,140
2020,Chevrolet,Camaro,2.0,5W-30,5.7,100
2020,Chevrolet,Camaro,3.6,5W-30,5.7,100
2020,Chevrolet,Camaro,6.2,5W-30,8.0,100
2020,Chevrolet,Colorado,2.5,5W-30,6.0,100
2020,Chevrolet,Colorado,2.8,5W-30,6.0,100
2020,Chevrolet,Colorado,3.6,5W-30,6.0,100
2020,Chevrolet,Corvette,6.2,5W-30,9.0,100
2020,Chevrolet,Equinox,1.5,5W-30,5.7,100
2020,Chevrolet,Equinox,2.0,5W-30,5.7,100
2020,Chevrolet,Express 2500,4.3,5W-30,6.0,150
2020,Chevrolet,Express 2500,6.0,5W-30,6.0,150
2020,Chevrolet,Impala,2.5,5W-30,6.0,100
2020,Chevrolet,Malibu,1.5,5W-30,5.7,100
2020,Chevrolet,Malibu,1.8,5W-30,5.7,100
2020,Chevrolet,Silverado 1500,2.7,5W-30,8.0,140
2020,Chevrolet,Silverado 1500,4.3,5W-30,8.0,140
2020,Chevrolet,Silverado 1500,5.3,5W-30,8.0,140
2020,Chevrolet,Silverado 1500,6.2,5W-30,8.0,140
2020,Chevrolet,Silverado 2500HD,6.6,5W-30,10.0,140
2020,Chevrolet,Silverado 3500HD,6.6,5W-30,10.0,140
2020,Chevrolet,Sonic,1.4,5W-30,4.7,100
2020,Chevrolet,Spark,1.4,5W-30,4.7,100
2020,Chevrolet,Suburban,5.3,5W-30,8.0,140
2020,Chevrolet,Suburban,6.2,5W-30,8.0,140
2020,Chevrolet,Tahoe,5.3,5W-30,8.0,140
2020,Chevrolet,Tahoe,6.2,5W-30,8.0,140
2020,Chevrolet,Trailblazer,1.2,5W-30,4.7,100
2020,Chevrolet,Trailblazer,1.3,5W-30,4.7,100
2020,Chevrolet,Traverse,3.6,5W-30,6.0,140
2020,Chevrolet,Trax,1.4,5W-30,4.7,100
2020,Chevrolet,Trax,1.8,5W-30,4.7,100
2020,Chevrolet,Trax,1.4,5W-20,4.7,100
2020,Chevrolet,Trax,1.8,5W-20,4.7,100
2020,Chevrolet,Express 1500,4.3,5W-30,6.0,150
2020,Chevrolet,Express 3500,4.3,5W-30,6.0,150
2020,Chevrolet,Express 3500,6.0,5W-30,6.0,150
2020,Chevrolet,Express 3500,6.0,0W-20,6.0,150
2020,Chevrolet,Express 3500,6.0,5W-20,6.0,150
2020,Chevrolet,Express 3500,2.8,5W-30,6.0,150
2020,Chevrolet,Express 3500,4.8,5W-30,6.0,150
2020,Chevrolet,Express 3500,6.6,5W-30,6.0,150
2020,Chevrolet,Express 3500,6.6,0W-20,6.0,150
2020,Chevrolet,Express 3500,6.6,5W-20,6.0,150
2020,Chevrolet,Express 3500,2.8,5W-30,6.0,150
2020,Chevrolet,Express 3500,4.8,5W-30,6.0,150
2020,Chevrolet,Express 3500,6.6,5W-30,6.0,150
2020,Chevrolet,Express 3500,6.6,0W-20,6.0,150
2020,Chevrolet,Express 3500,6.6,5W-20,6.0,150
2020,Chevrolet,Express 3500,2.8,5W-30,6.0,150
2020,Chevrolet,Express 3500,4.8,5W-30,6.0,150
2020,Chevrolet,Express 3500,6.6,5W-30,6.0,150
2020,Chevrolet,Express 3500,6.6,0W-20,6.0,150
2020,Chevrolet,Express 3500,6.6,5W-20,6.0,150
2020,Chevrolet,Express 3500,2.8,5W-30,6.0,150
2020,Chevrolet,Express 3500,4.8,5W-30,6.0,150
2020,Chevrolet,Express 3500,6.6,0W-20,6.0,150
2020,Chevrolet,Express 3500,6.6,5W-20,6.0,150
2020,Chevrolet,Express 3500,2.8,5W-30,6.0,150
2020,Chevrolet,Express 3500,4.8,5W-30,6.0,150
2020,Chevrolet,Express 3500,6.6,5W-30,6.0,150
2020,Chevrolet,Express 3500,6.6,0W-20,6.0,150
2020,Chevrolet,Express 3500,6.6,5W-20,6.0,150
2020,Chevrolet,Express 3500,2.8,5W-30,6.0,150
2020,Chevrolet,Express 3500,4.8,5W-30,6.0,150
2020,Chevrolet,Express 3500,6.6,5W-30,6.0,150
2020,Chevrolet,Express 3500,6.6,0W-20,6.0,150
2020,Chevrolet,Express 3500,6.6,5W-20,6.0,150
2020,Chevrolet,Express 3500,2.8,5W-30,6.0,150
2020,Chevrolet,Express 3500,4.8,5W-30,6.0,150
2020,Chevrolet,Express 3500,6.6,5W-30,6.0,150
2020,Chevrolet,Express 3500,6.6,0W-20,6.0,150
2020,Chevrolet,Express 3500,6.6,5W-20,6.0,150
2020,Chevrolet,Express 3500,2.8,5W-30,6.0,150
2020,Chevrolet,Express 3500,4.8,5W-30,6.0,150
2020,Chevrolet,Express 3500,6.6,5W-30,6.0,150
2020,Chevrolet,Express 3500,6.6,0W-20,6.0,150
2020,Chevrolet,Express 3500,6.6,5W-20,6.0,150
2020,Chevrolet,Express 3500,2.8,5W-30,6.0,150
2020,Chevrolet,Express 3500,4.8,5W-30,6.0,150
2020,Chevrolet,Express 3500,6.6,5W-30,6.0,150
2020,Chevrolet,Express 3500,6.6,0W-20,6.0,150
2020,Chevrolet,Express 3500,6.6,5W-20,6.0,150
2020,Chevrolet,City Express,2.0,5W-30,4.8,100
2020,Chevrolet,City Express,2.0,0W-20,4.8,100
2020,Chevrolet,Equinox,1.5,5W-30,5.7,100
2020,Chevrolet,Express 1500,4.3,5W-30,6.0,150
2020,Chevrolet,Express 2500,4.3,5W-30,6.0,150
2020,Chevrolet,Express 3500,4.3,5W-30,6.0,150
2020,Chevrolet,Express 1500,4.3,5W-30,6.0,150
2020,Chevrolet,Express 2500,4.3,5W-30,6.0,150
2020,Chevrolet,Express 3500,4.3,5W-30,6.0,150
2020,Chevrolet,Impala,2.5,5W-30,6.0,100
2020,Chevrolet,Malibu,1.5,5W-30,5.7,100
2020,Chevrolet,SS,6.2,5W-30,8.0,100
2020,Chevrolet,Sonic,1.4,5W-30,4.7,100
2020,Chevrolet,Spark,1.4,5W-30,4.7,100
2020,Chevrolet,Suburban,5.3,5W-30,8.0,140
2020,Chevrolet,Tahoe,5.3,5W-30,8.0,140
2020,Chevrolet,Trailblazer,1.2,5W-30,4.7,100
2020,Chevrolet,Traverse,3.6,5W-30,6.0,140
2020,Chevrolet,Trax,1.4,5W-30,4.7,100
2020,Chevrolet,Corvette,6.2,5W-30,9.0,100
2020,Nissan,Altima,2.0,0W-20,4.8,83
2020,Nissan,Altima,2.5,0W-20,4.8,83
2020,Nissan,Armada,5.6,5W-30,6.9,98
2020,Nissan,Cube,1.8,5W-30,4.2,80
2020,Nissan,Frontier,3.8,5W-30,5.0,98
2020,Nissan,GT-R,3.8,10W-40,11.4,94
2020,Nissan,Kicks,1.6,5W-30,3.7,83
2020,Nissan,Leaf,Electric,N/A,N/A,83
2020,Nissan,Maxima,3.5,5W-30,4.9,83
2020,Nissan,Murano,3.5,5W-30,5.1,98
2020,Nissan,NV200,2.0,5W-30,4.0,83
2020,Nissan,Pathfinder,3.5,5W-30,5.0,98
2020,Nissan,Quest,3.5,5W-30,5.1,98
2020,Nissan,Rogue,2.5,0W-20,4.9,83
2020,Nissan,Sentra,2.0,5W-30,4.0,83
2020,Nissan,Titan,5.6,5W-30,6.9,98
2020,Nissan,Versa,1.6,5W-30,3.7,83
2020,Nissan,Xterra,4.0,5W-30,5.0,98
2020,Toyota,4Runner,4.0,5W-30,5.8,83
2020,Toyota,Avalon,3.5,0W-16,6.4,76
2020,Toyota,Avalon Hybrid,2.5,0W-16,4.8,76
2020,Toyota,C-HR,2.0,0W-16,4.4,76
2020,Toyota,Camry,2.5,0W-16,4.8,76
2020,Toyota,Camry,3.5,0W-16,6.4,76
2020,Toyota,Camry Hybrid,2.5,0W-16,4.8,76
2020,Toyota,Corolla,1.8,0W-16,4.4,76
2020,Toyota,Corolla Hatchback,2.0,0W-16,4.4,76
2020,Toyota,Corolla Hybrid,1.8,0W-16,4.4,76
2020,Toyota,Highlander,3.5,0W-16,5.8,83
2020,Toyota,Highlander Hybrid,2.5,0W-16,5.7,83
2020,Toyota,Land Cruiser,5.7,0W-20,9.0,150
2020,Toyota,Prius,1.8,0W-16,4.4,76
2020,Toyota,Prius Prime,1.8,0W-16,4.4,76
2020,Toyota,Rav4,2.5,0W-16,4.4,83
2020,Toyota,Rav4 Hybrid,2.5,0W-16,4.8,83
2020,Toyota,Sequoia,5.7,0W-20,9.0,150
2020,Toyota,Sienna,3.5,0W-16,6.4,76
2020,Toyota,Tacoma,2.7,0W-20,5.5,83
2020,Toyota,Tacoma,3.5,0W-20,6.1,83
2020,Toyota,Tundra,5.7,0W-20,8.3,150
2020,Toyota,Yaris,1.5,0W-20,4.4,83
2020,Jeep,Cherokee,2.4,0W-20,5.0,100
2020,Jeep,Cherokee,3.2,0W-20,5.0,100
2020,Jeep,Cherokee,2.0,0W-20,5.0,100
2020,Jeep,Compass,2.4,0W-20,5.0,100
2020,Jeep,Gladiator,3.6,0W-20,6.0,130
2020,Jeep,Grand Cherokee,3.6,0W-20,6.0,130
2020,Jeep,Grand Cherokee,5.7,0W-20,6.0,130
2020,Jeep,Grand Cherokee,6.4,0W-20,7.0,130
2020,Jeep,Grand Cherokee,6.2,0W-40,7.5,130
2020,Jeep,Grand Cherokee,6.2,0W-40,7.5,130
2020,Jeep,Renegade,2.4,0W-20,5.0,100
2020,Jeep,Wrangler,3.6,0W-20,6.0,130
2020,Jeep,Wrangler,2.0,0W-20,5.0,130
2020,Jeep,Wrangler,3.0,0W-20,6.0,130
2020,Jeep,Wrangler,3.0,0W-20,6.0,130
2020,Dodge,Challenger,3.6,0W-20,6.0,110
2020,Dodge,Challenger,5.7,0W-20,7.0,110
2020,Dodge,Challenger,6.2,0W-40,7.0,110
2020,Dodge,Challenger,6.4,0W-40,7.0,110
2020,Dodge,Charger,3.6,0W-20,6.0,110
2020,Dodge,Charger,5.7,0W-20,7.0,110
2020,Dodge,Charger,6.2,0W-40,7.0,110
2020,Dodge,Charger,6.4,0W-40,7.0,110
2020,Dodge,Durango,3.6,0W-20,6.0,130
2020,Dodge,Durango,5.7,0W-20,7.0,130
2020,Dodge,Durango,6.4,0W-40,7.0,130
2020,Ram,1500,3.0,0W-20,6.0,130
2020,Ram,1500,3.6,0W-20,6.0,130
2020,Ram,1500,5.7,0W-20,7.0,130
2020,Ram,1500,6.2,0W-40,7.0,130
2020,Ram,1500 Classic,3.6,0W-20,6.0,130
2020,Ram,1500 Classic,5.7,0W-20,7.0,130
2020,Ram,1500 Classic,6.4,0W-40,7.0,130
2020,Ram,2500,6.4,0W-40,7.0,140
2020,Ram,3500,6.4,0W-40,7.0,140
2021,Ford,Bronco Sport,1.5,5W-30,5.7,150
2021,Ford,Bronco Sport,2.0,5W-30,5.7,150
2021,Ford,Edge,2.0,5W-30,5.7,150
2021,Ford,Edge,2.7,5W-30,5.7,150
2021,Ford,Escape,1.5,5W-30,5.7,150
2021,Ford,Escape,2.0,5W-30,5.7,150
2021,Ford,Escape Hybrid,2.5,0W-20,4.2,150
2021,Ford,Expedition,3.5,5W-30,6.0,150
2021,Ford,Explorer,2.3,5W-30,5.7,150
2021,Ford,Explorer,3.0,5W-30,5.7,150
2021,Ford,F-150,2.7,5W-30,6.0,150
2021,Ford,F-150,3.3,5W-30,6.0,150
2021,Ford,F-150,3.5,5W-30,6.0,150
2021,Ford,F-150,5.0,5W-30,6.0,150
2021,Ford,F-150,3.0,5W-30,6.0,150
2021,Ford,Maverick,2.0,5W-30,5.7,150
2021,Ford,Mustang,2.3,5W-30,5.7,150
2021,Ford,Mustang,5.0,5W-30,7.7,150
2021,Ford,Mustang,5.2,5W-50,11.0,150
2021,Ford,Ranger,2.3,5W-30,5.7,150
2021,Ford,Transit Connect,2.0,5W-20,5.7,150
2021,Ford,Transit Connect,2.5,5W-20,5.7,150
2021,Chevrolet,Blazer,2.0,5W-30,6.0,140
2021,Chevrolet,Blazer,2.5,5W-30,6.0,140
2021,Chevrolet,Blazer,3.6,5W-30,6.0,140
2021,Chevrolet,Camaro,2.0,5W-30,5.7,100
2021,Chevrolet,Camaro,3.6,5W-30,5.7,100
2021,Chevrolet,Camaro,6.2,5W-30,8.0,100
2021,Chevrolet,Colorado,2.5,5W-30,6.0,100
2021,Chevrolet,Colorado,2.8,5W-30,6.0,100
2021,Chevrolet,Colorado,3.6,5W-30,6.0,100
2021,Chevrolet,Corvette,6.2,5W-30,9.0,100
2021,Chevrolet,Equinox,1.5,5W-30,5.7,100
2021,Chevrolet,Equinox,2.0,5W-30,5.7,100
2021,Chevrolet,Express 2500,4.3,5W-30,6.0,150
2021,Chevrolet,Express 2500,6.0,5W-30,6.0,150
2021,Chevrolet,Impala,2.5,5W-30,6.0,100
2021,Chevrolet,Malibu,1.5,5W-30,5.7,100
2021,Chevrolet,Malibu,1.8,5W-30,5.7,100
2021,Chevrolet,Silverado 1500,2.7,5W-30,8.0,140
2021,Chevrolet,Silverado 1500,4.3,5W-30,8.0,140
2021,Chevrolet,Silverado 1500,5.3,5W-30,8.0,140
2021,Chevrolet,Silverado 1500,6.2,5W-30,8.0,140
2021,Chevrolet,Silverado 2500HD,6.6,5W-30,10.0,140
2021,Chevrolet,Silverado 3500HD,6.6,5W-30,10.0,140
2021,Chevrolet,Sonic,1.4,5W-30,4.7,100
2021,Chevrolet,Spark,1.4,5W-30,4.7,100
2021,Chevrolet,Suburban,5.3,5W-30,8.0,140
2021,Chevrolet,Suburban,6.2,5W-30,8.0,140
2021,Chevrolet,Tahoe,5.3,5W-30,8.0,140
2021,Chevrolet,Tahoe,6.2,5W-30,8.0,140
2021,Chevrolet,Trailblazer,1.2,5W-30,4.7,100
2021,Chevrolet,Trailblazer,1.3,5W-30,4.7,100
2021,Chevrolet,Traverse,3.6,5W-30,6.0,140
2021,Chevrolet,Trax,1.4,5W-30,4.7,100
2021,Chevrolet,Trax,1.8,5W-30,4.7,100
2021,Nissan,Altima,2.0,0W-20,4.8,83
2021,Nissan,Altima,2.5,0W-20,4.8,83
2021,Nissan,Armada,5.6,5W-30,6.9,98
2021,Nissan,Kicks,1.6,5W-30,3.7,83
2021,Nissan,Leaf,Electric,N/A,N/A,83
2021,Nissan,Maxima,3.5,5W-30,4.9,83
2021,Nissan,Murano,3.5,5W-30,5.1,98
2021,Nissan,Pathfinder,3.5,5W-30,5.0,98
2021,Nissan,Rogue,2.5,0W-20,4.9,83
2021,Nissan,Sentra,2.0,5W-30,4.0,83
2021,Nissan,Titan,5.6,5W-30,6.9,98
2021,Nissan,Versa,1.6,5W-30,3.7,83
2021,Nissan,370Z,3.7,5W-30,4.9,83
2021,Toyota,4Runner,4.0,5W-30,5.8,83
2021,Toyota,Avalon,3.5,0W-16,6.4,76
2021,Toyota,Avalon Hybrid,2.5,0W-16,4.8,76
2021,Toyota,C-HR,2.0,0W-16,4.4,76
2021,Toyota,Camry,2.5,0W-16,4.8,76
2021,Toyota,Camry,3.5,0W-16,6.4,76
2021,Toyota,Camry Hybrid,2.5,0W-16,4.8,76
2021,Toyota,Corolla,1.8,0W-16,4.4,76
2021,Toyota,Corolla Hatchback,2.0,0W-16,4.4,76
2021,Toyota,Corolla Hybrid,1.8,0W-16,4.4,76
2021,Toyota,Highlander,3.5,0W-16,5.8,83
2021,Toyota,Highlander Hybrid,2.5,0W-16,5.7,83
2021,Toyota,Land Cruiser,5.7,0W-20,9.0,150
2021,Toyota,Prius,1.8,0W-16,4.4,76
2021,Toyota,Prius Prime,1.8,0W-16,4.4,76
2021,Toyota,Rav4,2.5,0W-16,4.4,83
2021,Toyota,Rav4 Hybrid,2.5,0W-16,4.8,83
2021,Toyota,Sequoia,5.7,0W-20,9.0,150
2021,Toyota,Sienna,3.5,0W-16,6.4,76
2021,Toyota,Tacoma,2.7,0W-20,5.5,83
2021,Toyota,Tacoma,3.5,0W-20,6.1,83
2021,Toyota,Tundra,5.7,0W-20,8.3,150
2021,Toyota,Yaris,1.5,0W-20,4.4,83
2021,Jeep,Cherokee,2.0,0W-20,5.0,100
2021,Jeep,Cherokee,3.2,0W-20,5.0,100
2021,Jeep,Compass,2.4,0W-20,5.0,100
2021,Jeep,Gladiator,3.6,0W-20,6.0,130
2021,Jeep,Grand Cherokee,3.6,0W-20,6.0,130
2021,Jeep,Grand Cherokee,5.7,0W-20,6.0,130
2021,Jeep,Grand Cherokee,6.4,0W-20,7.0,130
2021,Jeep,Renegade,2.4,0W-20,5.0,100
2021,Jeep,Wrangler,3.6,0W-20,6.0,130
2021,Jeep,Wrangler,2.0,0W-20,5.0,130
2021,Jeep,Wrangler,3.0,0W-20,6.0,130
2021,Ram,1500,3.0,0W-20,6.0,130
2021,Ram,1500,3.6,0W-20,6.0,130
2021,Ram,1500,5.7,0W-20,7.0,130
2021,Ram,1500,6.2,0W-40,7.0,130
2021,Ram,1500 Classic,3.6,0W-20,6.0,130
2021,Ram,1500 Classic,5.7,0W-20,7.0,130
2021,Ram,1500 Classic,6.4,0W-40,7.0,130
2021,Ram,2500,6.4,0W-40,7.0,140
2021,Ram,3500,6.4,0W-40,7.0,140
2021,Dodge,Challenger,3.6,0W-20,6.0,110
2021,Dodge,Challenger,5.7,0W-20,7.0,110
2021,Dodge,Challenger,6.2,0W-40,7.0,110
2021,Dodge,Challenger,6.4,0W-40,7.0,110
2021,Dodge,Charger,3.6,0W-20,6.0,110
2021,Dodge,Charger,5.7,0W-20,7.0,110
2021,Dodge,Charger,6.2,0W-40,7.0,110
2021,Dodge,Charger,6.4,0W-40,7.0,110
2021,Dodge,Durango,3.6,0W-20,6.0,130
2021,Dodge,Durango,5.7,0W-20,7.0,130
2021,Dodge,Durango,6.4,0W-40,7.0,130
Year,Make,Model,Engine Size (Liters),Oil Viscosity,Oil Capacity (Quarts),Wheel Lugnut Torque (ft-lbs)
2022,Ford,Bronco,2.3,5W-30,6.0,150
2022,Ford,Bronco,2.7,5W-30,6.0,150
2022,Ford,Bronco,3.0,5W-30,6.0,150
2022,Ford,Bronco Sport,1.5,5W-30,5.7,150
2022,Ford,Bronco Sport,2.0,5W-30,5.7,150
2022,Ford,Edge,2.0,5W-30,5.7,150
2022,Ford,Edge,2.7,5W-30,5.7,150
2022,Ford,Escape,1.5,5W-30,5.7,150
2022,Ford,Escape,2.0,5W-30,5.7,150
2022,Ford,Escape Hybrid,2.5,0W-20,4.2,150
2022,Ford,Expedition,3.5,5W-30,6.0,150
2022,Ford,Explorer,2.3,5W-30,5.7,150
2022,Ford,Explorer,3.0,5W-30,5.7,150
2022,Ford,F-150,2.7,5W-30,6.0,150
2022,Ford,F-150,3.3,5W-30,6.0,150
2022,Ford,F-150,3.5,5W-30,6.0,150
2022,Ford,F-150,5.0,5W-30,6.0,150
2022,Ford,F-150,3.0,5W-30,6.0,150
2022,Ford,Maverick,2.0,5W-30,5.7,150
2022,Ford,Mustang,2.3,5W-30,5.7,150
2022,Ford,Mustang,5.0,5W-30,7.7,150
2022,Ford,Mustang,5.2,5W-50,11.0,150
2022,Ford,Ranger,2.3,5W-30,5.7,150
2022,Ford,Transit Connect,2.0,5W-20,5.7,150
2022,Ford,Transit Connect,2.5,5W-20,5.7,150
Year,Make,Model,Engine Size (Liters),Oil Viscosity,Oil Capacity (Quarts),Wheel Lugnut Torque (ft-lbs)
2022,Chevrolet,Blazer,2.0,5W-30,6.0,140
2022,Chevrolet,Blazer,2.5,5W-30,6.0,140
2022,Chevrolet,Blazer,3.6,5W-30,6.0,140
2022,Chevrolet,Camaro,2.0,5W-30,5.7,100
2022,Chevrolet,Camaro,3.6,5W-30,5.7,100
2022,Chevrolet,Camaro,6.2,5W-30,8.0,100
2022,Chevrolet,Colorado,2.5,5W-30,6.0,100
2022,Chevrolet,Colorado,2.8,5W-30,6.0,100
2022,Chevrolet,Colorado,3.6,5W-30,6.0,100
2022,Chevrolet,Corvette,6.2,5W-30,9.0,100
2022,Chevrolet,Equinox,1.5,5W-30,5.7,100
2022,Chevrolet,Equinox,2.0,5W-30,5.7,100
2022,Chevrolet,Express 2500,4.3,5W-30,6.0,150
2022,Chevrolet,Express 2500,6.0,5W-30,6.0,150
2022,Chevrolet,Impala,2.5,5W-30,6.0,100
2022,Chevrolet,Malibu,1.5,5W-30,5.7,100
2022,Chevrolet,Malibu,1.8,5W-30,5.7,100
2022,Chevrolet,Silverado 1500,2.7,5W-30,8.0,140
2022,Chevrolet,Silverado 1500,4.3,5W-30,8.0,140
2022,Chevrolet,Silverado 1500,5.3,5W-30,8.0,140
2022,Chevrolet,Silverado 1500,6.2,5W-30,8.0,140
2022,Chevrolet,Silverado 2500HD,6.6,5W-30,10.0,140
2022,Chevrolet,Silverado 3500HD,6.6,5W-30,10.0,140
2022,Chevrolet,Sonic,1.4,5W-30,4.7,100
2022,Chevrolet,Spark,1.4,5W-30,4.7,100
2022,Chevrolet,Suburban,5.3,5W-30,8.0,140
2022,Chevrolet,Suburban,6.2,5W-30,8.0,140
2022,Chevrolet,Tahoe,5.3,5W-30,8.0,140
2022,Chevrolet,Tahoe,6.2,5W-30,8.0,140
2022,Chevrolet,Trailblazer,1.2,5W-30,4.7,100
2022,Chevrolet,Trailblazer,1.3,5W-30,4.7,100
2022,Chevrolet,Traverse,3.6,5W-30,6.0,140
2022,Chevrolet,Trax,1.4,5W-30,4.7,100
2022,Chevrolet,Trax,1.8,5W-30,4.7,100
Year,Make,Model,Engine Size (Liters),Oil Viscosity,Oil Capacity (Quarts),Wheel Lugnut Torque (ft-lbs)
2022,Nissan,Altima,2.0,0W-20,4.8,83
2022,Nissan,Altima,2.5,0W-20,4.8,83
2022,Nissan,Armada,5.6,5W-30,6.9,98
2022,Nissan,Kicks,1.6,5W-30,3.7,83
2022,Nissan,Leaf,Electric,N/A,N/A,83
2022,Nissan,Maxima,3.5,5W-30,4.9,83
2022,Nissan,Murano,3.5,5W-30,5.1,98
2022,Nissan,Pathfinder,3.5,5W-30,5.0,98
2022,Nissan,Rogue,2.5,0W-20,4.9,83
2022,Nissan,Sentra,2.0,5W-30,4.0,83
2022,Nissan,Titan,5.6,5W-30,6.9,98
2022,Nissan,Versa,1.6,5W-30,3.7,83
2022,Nissan,370Z,3.7,5W-30,4.9,83
Year,Make,Model,Engine Size (Liters),Oil Viscosity,Oil Capacity (Quarts),Wheel Lugnut Torque (ft-lbs)
2022,Toyota,4Runner,4.0,5W-30,5.8,83
2022,Toyota,Avalon,3.5,0W-16,6.4,76
2022,Toyota,Avalon Hybrid,2.5,0W-16,4.8,76
2022,Toyota,C-HR,2.0,0W-16,4.4,76
2022,Toyota,Camry,2.5,0W-16,4.8,76
2022,Toyota,Camry,3.5,0W-16,6.4,76
2022,Toyota,Camry Hybrid,2.5,0W-16,4.8,76
2022,Toyota,Corolla,1.8,0W-16,4.4,76
2022,Toyota,Corolla Hatchback,2.0,0W-16,4.4,76
2022,Toyota,Corolla Hybrid,1.8,0W-16,4.4,76
2022,Toyota,Highlander,3.5,0W-16,5.8,83
2022,Toyota,Highlander Hybrid,2.5,0W-16,5.7,83
2022,Toyota,Land Cruiser,5.7,0W-20,9.0,150
2022,Toyota,Prius,1.8,0W-16,4.4,76
2022,Toyota,Prius Prime,1.8,0W-16,4.4,76
2022,Toyota,Rav4,2.5,0W-16,4.4,83
2022,Toyota,Rav4 Hybrid,2.5,0W-16,4.8,83
2022,Toyota,Sequoia,5.7,0W-20,9.0,150
2022,Toyota,Sienna,3.5,0W-16,6.4,76
2022,Toyota,Tacoma,2.7,0W-20,5.5,83
2022,Toyota,Tacoma,3.5,0W-20,6.1,83
2022,Toyota,Tundra,5.7,0W-20,8.3,150
2022,Toyota,Yaris,1.5,0W-20,4.4,83
Year,Make,Model,Engine Size (Liters),Oil Viscosity,Oil Capacity (Quarts),Wheel Lugnut Torque (ft-lbs)
2022,Jeep,Cherokee,2.0,0W-20,5.0,100
2022,Jeep,Cherokee,3.2,0W-20,5.0,100
2022,Jeep,Compass,2.4,0W-20,5.0,100
2022,Jeep,Gladiator,3.6,0W-20,6.0,130
2022,Jeep,Grand Cherokee,3.6,0W-20,6.0,130
2022,Jeep,Grand Cherokee,5.7,0W-20,6.0,130
2022,Jeep,Grand Cherokee,6.4,0W-20,7.0,130
2022,Jeep,Renegade,2.4,0W-20,5.0,100
2022,Jeep,Wrangler,3.6,0W-20,6.0,130
2022,Jeep,Wrangler,2.0,0W-20,5.0,130
2022,Jeep,Wrangler,3.0,0W-20,6.0,130
Year,Make,Model,Engine Size (Liters),Oil Viscosity,Oil Capacity (Quarts),Wheel Lugnut Torque (ft-lbs)
2022,Dodge,Challenger,3.6,0W-20,6.0,110
2022,Dodge,Challenger,5.7,0W-20,7.0,110
2022,Dodge,Challenger,6.2,0W-40,7.0,110
2022,Dodge,Challenger,6.4,0W-40,7.0,110
2022,Dodge,Charger,3.6,0W-20,6.0,110
2022,Dodge,Charger,5.7,0W-20,7.0,110
2022,Dodge,Charger,6.2,0W-40,7.0,110
2022,Dodge,Charger,6.4,0W-40,7.0,110
2022,Dodge,Durango,3.6,0W-20,6.0,130
2022,Dodge,Durango,5.7,0W-20,7.0,130
2022,Dodge,Durango,6.4,0W-40,7.0,130
2022,Ram,1500,3.0,0W-20,6.0,130
2022,Ram,1500,3.6,0W-20,6.0,130
2022,Ram,1500,5.7,0W-20,7.0,130
2022,Ram,1500,6.2,0W-40,7.0,130
2022,Ram,1500 Classic,3.6,0W-20,6.0,130
2022,Ram,1500 Classic,5.7,0W-20,7.0,130
2022,Ram,1500 Classic,6.4,0W-40,7.0,130
2022,Ram,2500,6.4,0W-40,7.0,140
2022,Ram,3500,6.4,0W-40,7.0,140
Year,Make,Model,Engine Size (Liters),Oil Viscosity,Oil Capacity (Quarts),Wheel Lugnut Torque (ft-lbs)
2023,Ford,Bronco,2.3,5W-30,6.0,150
2023,Ford,Bronco,2.7,5W-30,6.0,150
2023,Ford,Bronco,3.0,5W-30,6.0,150
2023,Ford,Bronco Sport,1.5,5W-30,5.7,150
2023,Ford,Bronco Sport,2.0,5W-30,5.7,150
2023,Ford,Edge,2.0,5W-30,5.7,150
2023,Ford,Edge,2.7,5W-30,5.7,150
2023,Ford,Escape,1.5,5W-30,5.7,150
2023,Ford,Escape,2.0,5W-30,5.7,150
2023,Ford,Escape Hybrid,2.5,0W-20,4.2,150
2023,Ford,Expedition,3.5,5W-30,6.0,150
2023,Ford,Explorer,2.3,5W-30,5.7,150
2023,Ford,Explorer,3.0,5W-30,5.7,150
2023,Ford,F-150,2.7,5W-30,6.0,150
2023,Ford,F-150,3.3,5W-30,6.0,150
2023,Ford,F-150,3.5,5W-30,6.0,150
2023,Ford,F-150,5.0,5W-30,6.0,150
2023,Ford,F-150,3.0,5W-30,6.0,150
2023,Ford,Maverick,2.0,5W-30,5.7,150
2023,Ford,Mustang,2.3,5W-30,5.7,150
2023,Ford,Mustang,5.0,5W-30,7.7,150
2023,Ford,Mustang,5.2,5W-50,11.0,150
2023,Ford,Ranger,2.3,5W-30,5.7,150
2023,Ford,Transit Connect,2.0,5W-20,5.7,150
2023,Ford,Transit Connect,2.5,5W-20,5.7,150
Year,Make,Model,Engine Size (Liters),Oil Viscosity,Oil Capacity (Quarts),Wheel Lugnut Torque (ft-lbs)
2023,Chevrolet,Blazer,2.0,5W-30,6.0,140
2023,Chevrolet,Blazer,2.5,5W-30,6.0,140
2023,Chevrolet,Blazer,3.6,5W-30,6.0,140
2023,Chevrolet,Camaro,2.0,5W-30,5.7,100
2023,Chevrolet,Camaro,3.6,5W-30,5.7,100
2023,Chevrolet,Camaro,6.2,5W-30,8.0,100
2023,Chevrolet,Colorado,2.5,5W-30,6.0,100
2023,Chevrolet,Colorado,2.8,5W-30,6.0,100
2023,Chevrolet,Colorado,3.6,5W-30,6.0,100
2023,Chevrolet,Corvette,6.2,5W-30,9.0,100
2023,Chevrolet,Equinox,1.5,5W-30,5.7,100
2023,Chevrolet,Equinox,2.0,5W-30,5.7,100
2023,Chevrolet,Express 2500,4.3,5W-30,6.0,150
2023,Chevrolet,Express 2500,6.0,5W-30,6.0,150
2023,Chevrolet,Impala,2.5,5W-30,6.0,100
2023,Chevrolet,Malibu,1.5,5W-30,5.7,100
2023,Chevrolet,Malibu,1.8,5W-30,5.7,100
2023,Chevrolet,Silverado 1500,2.7,5W-30,8.0,140
2023,Chevrolet,Silverado 1500,4.3,5W-30,8.0,140
2023,Chevrolet,Silverado 1500,5.3,5W-30,8.0,140
2023,Chevrolet,Silverado 1500,6.2,5W-30,8.0,140
2023,Chevrolet,Silverado 2500HD,6.6,5W-30,10.0,140
2023,Chevrolet,Silverado 3500HD,6.6,5W-30,10.0,140
2023,Chevrolet,Sonic,1.4,5W-30,4.7,100
2023,Chevrolet,Spark,1.4,5W-30,4.7,100
2023,Chevrolet,Suburban,5.3,5W-30,8.0,140
2023,Chevrolet,Suburban,6.2,5W-30,8.0,140
2023,Chevrolet,Tahoe,5.3,5W-30,8.0,140
2023,Chevrolet,Tahoe,6.2,5W-30,8.0,140
2023,Chevrolet,Trailblazer,1.2,5W-30,4.7,100
2023,Chevrolet,Trailblazer,1.3,5W-30,4.7,100
2023,Chevrolet,Traverse,3.6,5W-30,6.0,140
2023,Chevrolet,Trax,1.4,5W-30,4.7,100
2023,Chevrolet,Trax,1.8,5W-30,4.7,100
Year,Make,Model,Engine Size (Liters),Oil Viscosity,Oil Capacity (Quarts),Wheel Lugnut Torque (ft-lbs)
2023,Nissan,Altima,2.0,0W-20,4.8,83
2023,Nissan,Altima,2.5,0W-20,4.8,83
2023,Nissan,Armada,5.6,5W-30,6.9,98
2023,Nissan,Kicks,1.6,5W-30,3.7,83
2023,Nissan,Leaf,Electric,N/A,N/A,83
2023,Nissan,Maxima,3.5,5W-30,4.9,83
2023,Nissan,Murano,3.5,5W-30,5.1,98
2023,Nissan,Pathfinder,3.5,5W-30,5.0,98
2023,Nissan,Rogue,2.5,0W-20,4.9,83
2023,Nissan,Sentra,2.0,5W-30,4.0,83
2023,Nissan,Titan,5.6,5W-30,6.9,98
2023,Nissan,Versa,1.6,5W-30,3.7,83
2023,Nissan,370Z,3.7,5W-30,4.9,83
2023,Toyota,4Runner,4.0,5W-30,5.8,83
2023,Toyota,Avalon,3.5,0W-16,6.4,76
2023,Toyota,Avalon Hybrid,2.5,0W-16,4.8,76
2023,Toyota,C-HR,2.0,0W-16,4.4,76
2023,Toyota,Camry,2.5,0W-16,4.8,76
2023,Toyota,Camry,3.5,0W-16,6.4,76
2023,Toyota,Camry Hybrid,2.5,0W-16,4.8,76
2023,Toyota,Corolla,1.8,0W-16,4.4,76
2023,Toyota,Corolla Hatchback,2.0,0W-16,4.4,76
2023,Toyota,Corolla Hybrid,1.8,0W-16,4.4,76
2023,Toyota,Highlander,3.5,0W-16,5.8,83
2023,Toyota,Highlander Hybrid,2.5,0W-16,5.7,83
2023,Toyota,Land Cruiser,5.7,0W-20,9.0,150
2023,Toyota,Prius,1.8,0W-16,4.4,76
2023,Toyota,Prius Prime,1.8,0W-16,4.4,76
2023,Toyota,Rav4,2.5,0W-16,4.4,83
2023,Toyota,Rav4 Hybrid,2.5,0W-16,4.8,83
2023,Toyota,Sequoia,5.7,0W-20,9.0,150
2023,Toyota,Sienna,3.5,0W-16,6.4,76
2023,Toyota,Tacoma,2.7,0W-20,5.5,83
2023,Toyota,Tacoma,3.5,0W-20,6.1,83
2023,Toyota,Tundra,5.7,0W-20,8.3,150
2023,Toyota,Yaris,1.5,0W-20,4.4,83
2023,Jeep,Cherokee,2.0,0W-20,5.0,100
2023,Jeep,Cherokee,3.2,0W-20,5.0,100
2023,Jeep,Compass,2.4,0W-20,5.0,100
2023,Jeep,Gladiator,3.6,0W-20,6.0,130
2023,Jeep,Grand Cherokee,3.6,0W-20,6.0,130
2023,Jeep,Grand Cherokee,5.7,0W-20,6.0,130
2023,Jeep,Grand Cherokee,6.4,0W-20,7.0,130
2023,Jeep,Renegade,2.4,0W-20,5.0,100
2023,Jeep,Wrangler,3.6,0W-20,6.0,130
2023,Jeep,Wrangler,2.0,0W-20,5.0,130
2023,Jeep,Wrangler,3.0,0W-20,6.0,130
2023,Ram,1500,3.0,0W-20,6.0,130
2023,Ram,1500,3.6,0W-20,6.0,130
2023,Ram,1500,5.7,0W-20,7.0,130
2023,Ram,1500,6.2,0W-40,7.0,130
2023,Ram,1500 Classic,3.6,0W-20,6.0,130
2023,Ram,1500 Classic,5.7,0W-20,7.0,130
2023,Ram,1500 Classic,6.4,0W-40,7.0,130
2023,Ram,2500,6.4,0W-40,7.0,140
2023,Ram,3500,6.4,0W-40,7.0,140
2023,Dodge,Challenger,3.6,0W-20,6.0,110
2023,Dodge,Challenger,5.7,0W-20,7.0,110
2023,Dodge,Challenger,6.2,0W-40,7.0,110
2023,Dodge,Challenger,6.4,0W-40,7.0,110
2023,Dodge,Charger,3.6,0W-20,6.0,110
2023,Dodge,Charger,5.7,0W-20,7.0,110
2023,Dodge,Charger,6.2,0W-40,7.0,110
2023,Dodge,Charger,6.4,0W-40,7.0,110
2023,Dodge,Durango,3.6,0W-20,6.0,130
2023,Dodge,Durango,5.7,0W-20,7.0,130
2023,Dodge,Durango,6.4,0W-40,7.0,130
Year,Make,Model,Engine Size (Liters),Oil Viscosity,Oil Capacity (Quarts),Wheel Lugnut Torque (ft-lbs)
2024,Nissan,Altima,2.0,0W-20,4.8,83
2024,Nissan,Altima,2.5,0W-20,4.8,83
2024,Nissan,Armada,5.6,5W-30,6.9,98
2024,Nissan,Kicks,1.6,5W-30,3.7,83
2024,Nissan,Maxima,3.5,5W-30,4.9,83
2024,Nissan,Murano,3.5,5W-30,5.1,98
2024,Nissan,Pathfinder,3.5,5W-30,5.0,98
2024,Nissan,Rogue,2.5,0W-20,4.9,83
2024,Nissan,Sentra,2.0,5W-30,4.0,83
2024,Nissan,Titan,5.6,5W-30,6.9,98
2024,Nissan,Versa,1.6,5W-30,3.7,83
2024,Nissan,370Z,3.7,5W-30,4.9,83
2024,Toyota,4Runner,4.0,5W-30,5.8,83
2024,Toyota,Avalon,3.5,0W-16,6.4,76
2024,Toyota,Avalon Hybrid,2.5,0W-16,4.8,76
2024,Toyota,C-HR,2.0,0W-16,4.4,76
2024,Toyota,Camry,2.5,0W-16,4.8,76
2024,Toyota,Camry,3.5,0W-16,6.4,76
2024,Toyota,Camry Hybrid,2.5,0W-16,4.8,76
2024,Toyota,Corolla,1.8,0W-16,4.4,76
2024,Toyota,Corolla Hatchback,2.0,0W-16,4.4,76
2024,Toyota,Corolla Hybrid,1.8,0W-16,4.4,76
2024,Toyota,Highlander,3.5,0W-16,5.8,83
2024,Toyota,Highlander Hybrid,2.5,0W-16,5.7,83
2024,Toyota,Land Cruiser,5.7,0W-20,9.0,150
2024,Toyota,Prius,1.8,0W-16,4.4,76
2024,Toyota,Prius Prime,1.8,0W-16,4.4,76
2024,Toyota,Rav4,2.5,0W-16,4.4,83
2024,Toyota,Rav4 Hybrid,2.5,0W-16,4.8,83
2024,Toyota,Sequoia,5.7,0W-20,9.0,150
2024,Toyota,Sienna,3.5,0W-16,6.4,76
2024,Toyota,Tacoma,2.7,0W-20,5.5,83
2024,Toyota,Tacoma,3.5,0W-20,6.1,83
2024,Toyota,Tundra,5.7,0W-20,8.3,150
2024,Toyota,Yaris,1.5,0W-20,4.4,83
2024,Jeep,Cherokee,2.0,0W-20,5.0,100
2024,Jeep,Cherokee,3.2,0W-20,5.0,100
2024,Jeep,Compass,2.4,0W-20,5.0,100
2024,Jeep,Gladiator,3.6,0W-20,6.0,130
2024,Jeep,Grand Cherokee,3.6,0W-20,6.0,130
2024,Jeep,Grand Cherokee,5.7,0W-20,6.0,130
2024,Jeep,Grand Cherokee,6.4,0W-20,7.0,130
2024,Jeep,Renegade,2.4,0W-20,5.0,100
2024,Jeep,Wrangler,3.6,0W-20,6.0,130
Year,Make,Model,Engine Size (Liters),Oil Viscosity,Oil Capacity (Quarts),Wheel Lugnut Torque (ft-lbs)
2024,Jeep,Wrangler,3.6,0W-20,6.0,130
2024,Jeep,Wrangler,2.0,0W-20,5.0,130
2024,Jeep,Wrangler,3.0,0W-20,6.0,130
2024,Ram,1500,3.0,0W-20,6.0,130
2024,Ram,1500,3.6,0W-20,6.0,130
2024,Ram,1500,5.7,0W-20,7.0,130
2024,Ram,1500,6.2,0W-40,7.0,130
2024,Ram,1500 Classic,3.6,0W-20,6.0,130
2024,Ram,1500 Classic,5.7,0W-20,7.0,130
2024,Ram,1500 Classic,6.4,0W-40,7.0,130
2024,Ram,2500,6.4,0W-40,7.0,140
2024,Ram,3500,6.4,0W-40,7.0,140
2024,Dodge,Challenger,3.6,0W-20,6.0,110
2024,Dodge,Challenger,5.7,0W-20,7.0,110
2024,Dodge,Challenger,6.2,0W-40,7.0,110
2024,Dodge,Challenger,6.4,0W-40,7.0,110
2024,Dodge,Charger,3.6,0W-20,6.0,110
2024,Dodge,Charger,5.7,0W-20,7.0,110
2024,Dodge,Charger,6.2,0W-40,7.0,110
2024,Dodge,Charger,6.4,0W-40,7.0,110
2024,Dodge,Durango,3.6,0W-20,6.0,130
2024,Dodge,Durango,5.7,0W-20,7.0,130
2024,Dodge,Durango,6.4,0W-40,7.0,130
Year,Make,Model,Engine Size (Liters),Oil Viscosity,Oil Capacity (Quarts),Wheel Lugnut Torque (ft-lbs)
2024,Chevrolet,Blazer,2.0,5W-30,6.0,140
2024,Chevrolet,Blazer,2.5,5W-30,6.0,140
2024,Chevrolet,Blazer,3.6,5W-30,6.0,140
2024,Chevrolet,Camaro,2.0,5W-30,5.7,100
2024,Chevrolet,Camaro,3.6,5W-30,5.7,100
2024,Chevrolet,Camaro,6.2,5W-30,8.0,100
2024,Chevrolet,Colorado,2.5,5W-30,6.0,100
2024,Chevrolet,Colorado,2.8,5W-30,6.0,100
2024,Chevrolet,Colorado,3.6,5W-30,6.0,100
2024,Chevrolet,Corvette,6.2,5W-30,9.0,100
2024,Chevrolet,Equinox,1.5,5W-30,5.7,100
2024,Chevrolet,Equinox,2.0,5W-30,5.7,100
2024,Chevrolet,Express 2500,4.3,5W-30,6.0,150
2024,Chevrolet,Express 2500,6.0,5W-30,6.0,150
2024,Chevrolet,Impala,2.5,5W-30,6.0,100
2024,Chevrolet,Malibu,1.5,5W-30,5.7,100
2024,Chevrolet,Malibu,1.8,5W-30,5.7,100
2024,Chevrolet,Silverado 1500,2.7,5W-30,8.0,140
2024,Chevrolet,Silverado 1500,4.3,5W-30,8.0,140
2024,Chevrolet,Silverado 1500,5.3,5W-30,8.0,140
2024,Chevrolet,Silverado 1500,6.2,5W-30,8.0,140
2024,Chevrolet,Silverado 2500HD,6.6,5W-30,10.0,140
2024,Chevrolet,Silverado 3500HD,6.6,5W-30,10.0,140
2024,Chevrolet,Sonic,1.4,5W-30,4.7,100
2024,Chevrolet,Spark,1.4,5W-30,4.7,100
2024,Chevrolet,Suburban,5.3,5W-30,8.0,140
2024,Chevrolet,Suburban,6.2,5W-30,8.0,140
2024,Chevrolet,Tahoe,5.3,5W-30,8.0,140
2024,Chevrolet,Tahoe,6.2,5W-30,8.0,140
2024,Chevrolet,Trailblazer,1.2,5W-30,4.7,100
2024,Chevrolet,Trailblazer,1.3,5W-30,4.7,100
2024,Chevrolet,Traverse,3.6,5W-30,6.0,140
2024,Chevrolet,Trax,1.4,5W-30,4.7,100
2024,Chevrolet,Trax,1.8,5W-30,4.7,100
Year,Make,Model,Engine Size,Oil Viscosity,Oil Capacity,Wheel Torque
2019,Jeep,Cherokee,2.4L,5W-30,5 quarts,100 ft-lbs
2019,Jeep,Grand Cherokee,3.6L,5W-30,6 quarts,110 ft-lbs
2019,Jeep,Wrangler,3.6L,5W-20,6 quarts,100 ft-lbs
2019,Jeep,Compass,2.4L,5W-30,4.5 quarts,95 ft-lbs
2019,Jeep,Renegade,2.4L,5W-30,5 quarts,100 ft-lbs
2019,Jeep,Gladiator,3.6L,5W-20,6 quarts,110 ft-lbs
2019,Nissan,Altima,2.5L,5W-30,4.8 quarts,90 ft-lbs
2019,Nissan,Maxima,3.5L,5W-30,5 quarts,110 ft-lbs
2019,Nissan,Sentra,1.8L,5W-30,4.5 quarts,85 ft-lbs
2019,Nissan,Rogue,2.5L,5W-30,4.8 quarts,100 ft-lbs
2019,Nissan,Murano,3.5L,5W-30,5 quarts,110 ft-lbs
2019,Nissan,Pathfinder,3.5L,5W-30,5 quarts,110 ft-lbs
2019,Nissan,Armada,5.6L,5W-30,6 quarts,120 ft-lbs
2019,Toyota,Camry,2.5L,5W-30,4.5 quarts,80 ft-lbs
2019,Toyota,Corolla,1.8L,5W-20,4.4 quarts,85 ft-lbs
2019,Toyota,Rav4,2.5L,5W-30,4.5 quarts,90 ft-lbs
2019,Toyota,Highlander,3.5L,5W-30,5 quarts,100 ft-lbs
2019,Toyota,Tacoma,3.5L,5W-30,5.5 quarts,110 ft-lbs
2019,Toyota,Tundra,5.7L,5W-30,7 quarts,120 ft-lbs
2019,Toyota,4Runner,4.0L,5W-30,6 quarts,120 ft-lbs
2019,Dodge,Challenger,3.6L,5W-20,5.5 quarts,110 ft-lbs
2019,Dodge,Charger,3.6L,5W-30,6 quarts,120 ft-lbs
2019,Dodge,Durango,3.6L,5W-30,6 quarts,100 ft-lbs
2019,Dodge,Grand Caravan,3.6L,5W-30,6 quarts,100 ft-lbs
2019,Dodge,Journey,2.4L,5W-30,4.5 quarts,95 ft-lbs
2019,Dodge,Challenger,5.7L,5W-20,7 quarts,110 ft-lbs
2019,Dodge,Charger,5.7L,5W-30,7 quarts,120 ft-lbs
2019,Dodge,Durango,5.7L,5W-30,7 quarts,120 ft-lbs
2019,Dodge,Grand Caravan,3.6L,5W-30,6 quarts,100 ft-lbs
2019,Dodge,Journey,3.6L,5W-30,6 quarts,100 ft-lbs
2019,Ram,1500,3.6L,5W-30,6 quarts,130 ft-lbs
2019,Ram,1500,5.7L,5W-30,7 quarts,140 ft-lbs
2019,Ram,2500,6.4L,5W-30,7 quarts,140 ft-lbs
2019,Ram,3500,6.4L,5W-30,7 quarts,140 ft-lbs
2019,Ram,ProMaster City,2.4L,5W-30,5 quarts,110 ft-lbs
Year,Make,Model,Engine Size,Oil Viscosity,Oil Capacity,Wheel Torque
2019,Chevrolet,Spark,1.4L,5W-30,3.6 quarts,80 ft-lbs
2019,Chevrolet,Sonic,1.4L,5W-30,4.5 quarts,95 ft-lbs
2019,Chevrolet,Malibu,1.5L,5W-30,4.2 quarts,100 ft-lbs
2019,Chevrolet,Impala,3.6L,5W-30,6 quarts,120 ft-lbs
2019,Chevrolet,Cruze,1.4L,5W-30,4.5 quarts,90 ft-lbs
2019,Chevrolet,Camaro,2.0L,5W-30,5 quarts,100 ft-lbs
2019,Chevrolet,Camaro,6.2L,5W-30,6.5 quarts,115 ft-lbs
2019,Chevrolet,Corvette,6.2L,5W-30,8 quarts,120 ft-lbs
2019,Chevrolet,Equinox,1.5L,5W-30,4.5 quarts,100 ft-lbs
2019,Chevrolet,Trax,1.4L,5W-30,4.7 quarts,100 ft-lbs
2019,Chevrolet,Trax,1.8L,5W-30,4.7 quarts,100 ft-lbs
2019,Chevrolet,Blazer,2.5L,5W-30,5 quarts,110 ft-lbs
2019,Chevrolet,Blazer,3.6L,5W-30,6 quarts,120 ft-lbs
2019,Chevrolet,Colorado,2.5L,5W-30,6 quarts,140 ft-lbs
2019,Chevrolet,Colorado,3.6L,5W-30,6 quarts,140 ft-lbs
2019,Chevrolet,Colorado,2.8L,5W-30,6 quarts,140 ft-lbs
2019,Chevrolet,Silverado 1500,4.3L,5W-30,6 quarts,140 ft-lbs
2019,Chevrolet,Silverado 1500,5.3L,5W-30,7 quarts,140 ft-lbs
2019,Chevrolet,Silverado 1500,6.2L,5W-30,8 quarts,140 ft-lbs
2019,Chevrolet,Silverado 2500HD,6.6L,5W-30,8 quarts,140 ft-lbs
2019,Chevrolet,Silverado 3500HD,6.6L,5W-30,8 quarts,140 ft-lbs
2019,Chevrolet,Tahoe,5.3L,5W-30,7 quarts,140 ft-lbs
2019,Chevrolet,Suburban,5.3L,5W-30,7 quarts,140 ft-lbs
2019,Chevrolet,Suburban,6.2L,5W-30,8 quarts,140 ft-lbs
2019,Chevrolet,City Express,2.0L,5W-30,4.5 quarts,100 ft-lbs
2019,Chevrolet,Express,4.3L,5W-30,6 quarts,140 ft-lbs
2019,Chevrolet,Express,6.0L,5W-30,6 quarts,140 ft-lbs
2019,Chevrolet,Express,2.8L,5W-30,6 quarts,140 ft-lbs
Year,Make,Model,Engine Size,Oil Viscosity,Oil Capacity,Wheel Torque
2019,Ford,Fiesta,1.6L,5W-20,4.5 quarts,100 ft-lbs
2019,Ford,Fiesta,1.0L,5W-20,4.5 quarts,100 ft-lbs
2019,Ford,Fusion,2.5L,5W-20,5.7 quarts,100 ft-lbs
2019,Ford,Fusion,1.5L,5W-20,5.7 quarts,100 ft-lbs
2019,Ford,Fusion,2.0L,5W-20,5.7 quarts,100 ft-lbs
2019,Ford,Fusion Hybrid,2.0L,0W-20,5.7 quarts,100 ft-lbs
2019,Ford,Focus,1.0L,5W-20,4.5 quarts,100 ft-lbs
2019,Ford,Focus,2.0L,5W-20,4.5 quarts,100 ft-lbs
2019,Ford,Mustang,2.3L,5W-30,6 quarts,100 ft-lbs
2019,Ford,Mustang,5.0L,5W-30,8 quarts,100 ft-lbs
2019,Ford,Taurus,3.5L,5W-20,6 quarts,100 ft-lbs
2019,Ford,Edge,2.0L,5W-20,5.7 quarts,100 ft-lbs
2019,Ford,Edge,2.7L,5W-20,5.7 quarts,100 ft-lbs
2019,Ford,Escape,2.5L,5W-20,5.7 quarts,100 ft-lbs
2019,Ford,Escape,1.5L,5W-20,5.7 quarts,100 ft-lbs
2019,Ford,Escape,2.0L,5W-20,5.7 quarts,100 ft-lbs
2019,Ford,Explorer,3.5L,5W-20,6 quarts,100 ft-lbs
2019,Ford,Explorer,2.3L,5W-20,6 quarts,100 ft-lbs
2019,Ford,Expedition,3.5L,5W-20,6 quarts,100 ft-lbs
2019,Ford,F-150,3.3L,5W-20,6 quarts,100 ft-lbs
2019,Ford,F-150,2.7L,5W-20,6 quarts,100 ft-lbs
2019,Ford,F-150,3.5L,5W-20,6 quarts,100 ft-lbs
2019,Ford,F-150,5.0L,5W-20,6 quarts,100 ft-lbs
2019,Ford,F-150,3.0L,5W-20,6 quarts,100 ft-lbs
2019,Ford,F-150,3.5L,5W-20,6 quarts,100 ft-lbs
2019,Ford,F-250,6.2L,5W-20,7 quarts,100 ft-lbs
2019,Ford,F-350,6.2L,5W-20,7 quarts,100 ft-lbs
2019,Ford,F-450,6.7L,15W-40,7 quarts,100 ft-lbs
2019,Ford,F-550,6.7L,15W-40,7 quarts,100 ft-lbs
2019,Ford,Flex,3.5L,5W-20,6 quarts,100 ft-lbs
2019,Ford,Ranger,2.3L,5W-20,6 quarts,100 ft-lbs
2019,Ford,EcoSport,1.0L,5W-20,4.5 quarts,100 ft-lbs
2019,Ford,EcoSport,2.0L,5W-20,4.5 quarts,100 ft-lbs
Year,Make,Model,Engine Size,Oil Viscosity,Oil Capacity,Wheel Torque
2018,Jeep,Cherokee,2.4L,5W-20,5 quarts,100 ft-lbs
2018,Jeep,Cherokee,3.2L,5W-20,5 quarts,100 ft-lbs
2018,Jeep,Grand Cherokee,3.6L,5W-20,6 quarts,100 ft-lbs
2018,Jeep,Grand Cherokee,5.7L,5W-20,7 quarts,100 ft-lbs
2018,Jeep,Grand Cherokee,6.4L,0W-40,7 quarts,100 ft-lbs
2018,Jeep,Wrangler,3.6L,5W-20,6 quarts,100 ft-lbs
2018,Jeep,Wrangler,2.0L,5W-20,6 quarts,100 ft-lbs
2018,Jeep,Wrangler,3.0L,5W-20,6 quarts,100 ft-lbs
2018,Jeep,Wrangler,3.6L,5W-20,6 quarts,100 ft-lbs
2018,Nissan,Altima,2.5L,5W-30,4.9 quarts,100 ft-lbs
2018,Nissan,Altima,3.5L,5W-30,4.9 quarts,100 ft-lbs
2018,Nissan,Maxima,3.5L,5W-30,5.1 quarts,100 ft-lbs
2018,Nissan,Sentra,1.8L,5W-30,3.7 quarts,100 ft-lbs
2018,Nissan,Sentra,1.6L,5W-30,3.7 quarts,100 ft-lbs
2018,Nissan,Versa,1.6L,5W-30,3.7 quarts,100 ft-lbs
2018,Nissan,Versa,1.6L,5W-30,3.7 quarts,100 ft-lbs
2018,Toyota,Corolla,1.8L,5W-30,4.4 quarts,100 ft-lbs
2018,Toyota,Corolla,1.8L,5W-30,4.4 quarts,100 ft-lbs
2018,Toyota,Camry,2.5L,5W-30,4.8 quarts,100 ft-lbs
2018,Toyota,Camry,3.5L,5W-30,6.4 quarts,100 ft-lbs
2018,Toyota,Camry Hybrid,2.5L,0W-16,4.8 quarts,100 ft-lbs
2018,Toyota,RAV4,2.5L,5W-30,4.5 quarts,100 ft-lbs
2018,Toyota,RAV4,2.5L,5W-30,4.5 quarts,100 ft-lbs
2018,Toyota,Highlander,2.7L,5W-30,5.8 quarts,100 ft-lbs
2018,Toyota,Highlander,3.5L,5W-30,6.4 quarts,100 ft-lbs
2018,Toyota,Highlander Hybrid,3.5L,0W-20,6.4 quarts,100 ft-lbs
2018,Toyota,Sienna,3.5L,5W-30,6.4 quarts,100 ft-lbs
2018,Toyota,Tacoma,2.7L,5W-30,5.5 quarts,100 ft-lbs
2018,Toyota,Tacoma,3.5L,5W-30,5.5 quarts,100 ft-lbs
2018,Toyota,Tundra,4.6L,5W-30,7.9 quarts,100 ft-lbs
2018,Toyota,Tundra,5.7L,0W-20,7.9 quarts,100 ft-lbs
2018,Ram,1500,3.6L,5W-20,6 quarts,100 ft-lbs
2018,Ram,1500,3.0L,5W-20,6 quarts,100 ft-lbs
2018,Ram,1500,5.7L,5W-20,7 quarts,100 ft-lbs
2018,Ram,1500,3.6L,5W-20,6 quarts,100 ft-lbs
2018,Ram,1500,3.0L,5W-20,6 quarts,100 ft-lbs
2018,Ram,1500,5.7L,5W-20,7 quarts,100 ft-lbs
2018,Dodge,Charger,3.6L,5W-20,5 quarts,100 ft-lbs
2018,Dodge,Charger,5.7L,5W-20,7 quarts,100 ft-lbs
2018,Dodge,Challenger,3.6L,5W-20,5 quarts,100 ft-lbs
2018,Dodge,Challenger,5.7L,5W-20,7 quarts,100 ft-lbs
2018,Dodge,Grand Caravan,3.6L,5W-20,5 quarts,100 ft-lbs
2018,Dodge,Journey,2.4L,5W-20,4.5 quarts,100 ft-lbs
2018,Dodge,Journey,3.6L,5W-20,5 quarts,100 ft-lbs
Year,Make,Model,Engine Size,Oil Viscosity,Oil Capacity,Wheel Torque
2018,Ford,Fusion,2.5L,5W-20,5.7 quarts,100 ft-lbs
2018,Ford,Fusion,1.5L,5W-20,5.7 quarts,100 ft-lbs
2018,Ford,Fusion,2.0L,5W-20,5.7 quarts,100 ft-lbs
2018,Ford,Focus,2.0L,5W-20,4.3 quarts,100 ft-lbs
2018,Ford,Focus,2.0L,5W-20,4.3 quarts,100 ft-lbs
2018,Ford,Focus,2.3L,5W-20,4.3 quarts,100 ft-lbs
2018,Ford,Escape,2.5L,5W-20,4.5 quarts,100 ft-lbs
2018,Ford,Escape,1.5L,5W-20,4.5 quarts,100 ft-lbs
2018,Ford,Escape,2.0L,5W-20,4.5 quarts,100 ft-lbs
2018,Ford,Explorer,3.5L,5W-20,5.7 quarts,100 ft-lbs
2018,Ford,Explorer,3.5L,5W-20,5.7 quarts,100 ft-lbs
2018,Ford,Explorer,3.5L,5W-20,5.7 quarts,100 ft-lbs
2018,Ford,Explorer,3.5L,5W-20,5.7 quarts,100 ft-lbs
2018,Ford,Edge,2.0L,5W-20,5.7 quarts,100 ft-lbs
2018,Ford,Edge,3.5L,5W-20,5.7 quarts,100 ft-lbs
2018,Ford,Edge,2.0L,5W-20,5.7 quarts,100 ft-lbs
2018,Ford,Edge,3.5L,5W-20,5.7 quarts,100 ft-lbs
2018,Ford,Mustang,2.3L,5W-20,5.7 quarts,100 ft-lbs
2018,Ford,Mustang,5.0L,5W-20,5.7 quarts,100 ft-lbs
2018,Ford,Taurus,3.5L,5W-20,5.7 quarts,100 ft-lbs
2018,Ford,Taurus,3.5L,5W-20,5.7 quarts,100 ft-lbs
2018,Ford,Expedition,3.5L,5W-20,6.5 quarts,100 ft-lbs
2018,Ford,Expedition,3.5L,5W-20,6.5 quarts,100 ft-lbs
2018,Ford,Expedition,3.5L,5W-20,6.5 quarts,100 ft-lbs
2018,Ford,F-150,3.3L,5W-20,6 quarts,100 ft-lbs
2018,Ford,F-150,2.7L,5W-20,6 quarts,100 ft-lbs
2018,Ford,F-150,5.0L,5W-20,6 quarts,100 ft-lbs
2018,Ford,F-150,3.5L,5W-20,6 quarts,100 ft-lbs
2018,Ford,F-150,3.5L,5W-20,6 quarts,100 ft-lbs
2018,Ford,F-150,3.0L,5W-20,6 quarts,100 ft-lbs
2018,Ford,F-250,6.2L,5W-20,7.7 quarts,100 ft-lbs
2018,Ford,F-250,6.7L,5W-20,7.7 quarts,100 ft-lbs
2018,Ford,F-350,6.2L,5W-20,7.7 quarts,100 ft-lbs
2018,Ford,F-350,6.7L,5W-20,7.7 quarts,100 ft-lbs
Year,Make,Model,Engine Size,Oil Viscosity,Oil Capacity,Wheel Torque
2018,Chevrolet,Spark,1.4L,5W-30,3.6 quarts,100 ft-lbs
2018,Chevrolet,Sonic,1.8L,5W-30,3.5 quarts,100 ft-lbs
2018,Chevrolet,Sonic,1.8L,5W-30,3.5 quarts,100 ft-lbs
2018,Chevrolet,Sonic,1.4L,5W-30,3.5 quarts,100 ft-lbs
2018,Chevrolet,Sonic,1.4L,5W-30,3.5 quarts,100 ft-lbs
2018,Chevrolet,Malibu,1.5L,5W-30,5 quarts,100 ft-lbs
2018,Chevrolet,Malibu,1.5L,5W-30,5 quarts,100 ft-lbs
2018,Chevrolet,Malibu,1.5L,5W-30,5 quarts,100 ft-lbs
2018,Chevrolet,Malibu,1.5L,5W-30,5 quarts,100 ft-lbs
2018,Chevrolet,Malibu,2.0L,5W-30,5 quarts,100 ft-lbs
2018,Chevrolet,Malibu,2.0L,5W-30,5 quarts,100 ft-lbs
2018,Chevrolet,Malibu,1.8L,5W-30,5 quarts,100 ft-lbs
2018,Chevrolet,Malibu,1.8L,5W-30,5 quarts,100 ft-lbs
2018,Chevrolet,Malibu,1.8L,5W-30,5 quarts,100 ft-lbs
2018,Chevrolet,Malibu,1.8L,5W-30,5 quarts,100 ft-lbs
2018,Chevrolet,Malibu,1.8L,5W-30,5 quarts,100 ft-lbs
2018,Chevrolet,Impala,2.5L,5W-30,6 quarts,100 ft-lbs
2018,Chevrolet,Impala,2.5L,5W-30,6 quarts,100 ft-lbs
2018,Chevrolet,Impala,3.6L,5W-30,6 quarts,100 ft-lbs
2018,Chevrolet,Cruze,1.4L,5W-30,3.7 quarts,100 ft-lbs
2018,Chevrolet,Cruze,1.4L,5W-30,3.7 quarts,100 ft-lbs
2018,Chevrolet,Cruze,1.4L,5W-30,3.7 quarts,100 ft-lbs
2018,Chevrolet,Cruze,1.4L,5W-30,3.7 quarts,100 ft-lbs
2018,Chevrolet,Cruze,1.6L,5W-30,3.7 quarts,100 ft-lbs
2018,Chevrolet,Cruze,1.6L,5W-30,3.7 quarts,100 ft-lbs
2018,Chevrolet,Camaro,2.0L,5W-30,5.5 quarts,100 ft-lbs
2018,Chevrolet,Camaro,3.6L,5W-30,5.5 quarts,100 ft-lbs
2018,Chevrolet,Camaro,6.2L,5W-30,5.5 quarts,100 ft-lbs
2018,Chevrolet,Camaro,6.2L,5W-30,5.5 quarts,100 ft-lbs
2018,Chevrolet,Camaro,6.2L,5W-30,5.5 quarts,100 ft-lbs
2018,Chevrolet,Camaro,6.2L,5W-30,5.5 quarts,100 ft-lbs
2018,Chevrolet,Corvette,6.2L,5W-30,8 quarts,100 ft-lbs
2018,Chevrolet,Corvette,6.2L,5W-30,8 quarts,100 ft-lbs
2018,Chevrolet,Corvette,6.2L,5W-30,8 quarts,100 ft-lbs
2018,Chevrolet,Corvette,6.2L,5W-30,8 quarts,100 ft-lbs
2018,Chevrolet,Corvette,6.2L,5W-30,8 quarts,100 ft-lbs
2018,Chevrolet,Corvette,6.2L,5W-30,8 quarts,100 ft-lbs
2018,Chevrolet,Corvette,6.2L,5W-30,8 quarts,100 ft-lbs
2018,Chevrolet,Camaro,6.2L,5W-30,5.5 quarts,100 ft-lbs
2018,Chevrolet,Camaro,6.2L,5W-30,5.5 quarts,100 ft-lbs
2018,Chevrolet,Corvette,6.2L,5W-30,8 quarts,100 ft-lbs
2018,Chevrolet,Corvette,6.2L,5W-30,8 quarts,100 ft-lbs
2018,Chevrolet,Camaro,6.2L,5W-30,5.5 quarts,100 ft-lbs
2018,Chevrolet,Camaro,6.2L,5W-30,5.5 quarts,100 ft-lbs
2018,Chevrolet,Camaro,6.2L,5W-30,5.5 quarts,100 ft-lbs
2018,Chevrolet,Corvette,6.2L,5W-30,8 quarts,100 ft-lbs
2018,Chevrolet,Corvette,6.2L,5W-30,8 quarts,100 ft-lbs
2018,Chevrolet,Camaro,6.2L,5W-30,5.5 quarts,100 ft-lbs
2018,Chevrolet,Camaro,6.2L,5W-30,5.5 quarts,100 ft-lbs
2018,Chevrolet,Corvette,6.2L,5W-30,8 quarts,100 ft-lbs
2018,Chevrolet,Corvette,6.2L,5W-30,8 quarts,100 ft-lbs
Year,Make,Model,Engine Size,Oil Viscosity,Oil Capacity,Wheel Torque
2017,Jeep,Cherokee,2.4L,5W-30,5 quarts,100 ft-lbs
2017,Jeep,Cherokee,2.4L,5W-30,5 quarts,100 ft-lbs
2017,Jeep,Cherokee,3.2L,5W-30,5 quarts,100 ft-lbs
2017,Jeep,Cherokee,3.2L,5W-30,5 quarts,100 ft-lbs
2017,Jeep,Compass,2.4L,5W-30,5 quarts,100 ft-lbs
2017,Jeep,Compass,2.4L,5W-30,5 quarts,100 ft-lbs
2017,Jeep,Grand Cherokee,3.6L,5W-30,6 quarts,100 ft-lbs
2017,Jeep,Grand Cherokee,3.6L,5W-30,6 quarts,100 ft-lbs
2017,Jeep,Grand Cherokee,5.7L,5W-30,7 quarts,100 ft-lbs
2017,Jeep,Grand Cherokee,5.7L,5W-30,7 quarts,100 ft-lbs
2017,Jeep,Patriot,2.0L,5W-30,4.5 quarts,100 ft-lbs
2017,Jeep,Patriot,2.0L,5W-30,4.5 quarts,100 ft-lbs
2017,Jeep,Patriot,2.4L,5W-30,4.5 quarts,100 ft-lbs
2017,Jeep,Patriot,2.4L,5W-30,4.5 quarts,100 ft-lbs
2017,Jeep,Renegade,1.4L,5W-30,4.5 quarts,100 ft-lbs
2017,Jeep,Renegade,1.4L,5W-30,4.5 quarts,100 ft-lbs
2017,Jeep,Renegade,2.4L,5W-30,4.5 quarts,100 ft-lbs
2017,Jeep,Renegade,2.4L,5W-30,4.5 quarts,100 ft-lbs
2017,Jeep,Wrangler,3.6L,5W-30,6 quarts,100 ft-lbs
2017,Jeep,Wrangler,3.6L,5W-30,6 quarts,100 ft-lbs
2017,Jeep,Wrangler,3.6L,5W-30,6 quarts,100 ft-lbs
2017,Jeep,Wrangler,3.6L,5W-30,6 quarts,100 ft-lbs
2017,Nissan,Altima,2.5L,5W-30,4.9 quarts,100 ft-lbs
2017,Nissan,Altima,2.5L,5W-30,4.9 quarts,100 ft-lbs
2017,Nissan,Altima,3.5L,5W-30,4.9 quarts,100 ft-lbs
2017,Nissan,Altima,3.5L,5W-30,4.9 quarts,100 ft-lbs
2017,Nissan,Maxima,3.5L,5W-30,4.9 quarts,100 ft-lbs
2017,Nissan,Maxima,3.5L,5W-30,4.9 quarts,100 ft-lbs
2017,Nissan,Maxima,3.5L,5W-30,4.9 quarts,100 ft-lbs
2017,Nissan,Maxima,3.5L,5W-30,4.9 quarts,100 ft-lbs
2017,Nissan,Sentra,1.8L,5W-30,4.8 quarts,100 ft-lbs
2017,Nissan,Sentra,1.8L,5W-30,4.8 quarts,100 ft-lbs
2017,Nissan,Sentra,1.8L,5W-30,4.8 quarts,100 ft-lbs
2017,Nissan,Sentra,1.8L,5W-30,4.8 quarts,100 ft-lbs
2017,Nissan,Versa,1.6L,5W-30,3.7 quarts,100 ft-lbs
2017,Nissan,Versa,1.6L,5W-30,3.7 quarts,100 ft-lbs
2017,Nissan,Versa,1.6L,5W-30,3.7 quarts,100 ft-lbs
2017,Nissan,Versa,1.6L,5W-30,3.7 quarts,100 ft-lbs
2017,Toyota,Corolla,1.8L,5W-30,4.4 quarts,100 ft-lbs
2017,Toyota,Corolla,1.8L,5W-30,4.4 quarts,100 ft-lbs
2017,Toyota,Corolla,1.8L,5W-30,4.4 quarts,100 ft-lbs
2017,Toyota,Corolla,1.8L,5W-30,4.4 quarts,100 ft-lbs
2017,Toyota,Camry,2.5L,5W-30,4.5 quarts,100 ft-lbs
2017,Toyota,Camry,2.5L,5W-30,4.5 quarts,100 ft-lbs
2017,Toyota,Camry,3.5L,5W-30,6 quarts,100 ft-lbs
2017,Toyota,Camry,3.5L,5W-30,6 quarts,100 ft-lbs
2017,Toyota,Rav4,2.5L,5W-30,4.6 quarts,100 ft-lbs
2017,Toyota,Rav4,2.5L,5W-30,4.6 quarts,100 ft-lbs
2017,Toyota,Rav4,2.5L,5W-30,4.6 quarts,100 ft-lbs
2017,Toyota,Rav4,2.5L,5W-30,4.6 quarts,100 ft-lbs
2017,Toyota,Highlander,2.7L,5W-30,5 quarts,100 ft-lbs
2017,Toyota,Highlander,2.7L,5W-30,5 quarts,100 ft-lbs
2017,Toyota,Highlander,3.5L,5W-30,5.8 quarts,100 ft-lbs
2017,Toyota,Highlander,3.5L,5W-30,5.8 quarts,100 ft-lbs
2017,Toyota,4Runner,4.0L,5W-30,6 quarts,100 ft-lbs
2017,Toyota,4Runner,4.0L,5W-30,6 quarts,100 ft-lbs
2017,Toyota,Avalon,3.5L,5W-30,5.7 quarts,100 ft-lbs
2017,Toyota,Avalon,3.5L,5W-30,5.7 quarts,100 ft-lbs
2017,Toyota,Sequoia,5.7L,5W-30,7 quarts,100 ft-lbs
2017,Toyota,Sequoia,5.7L,5W-30,7 quarts,100 ft-lbs
2017,Toyota,Tacoma,2.7L,5W-30,5.5 quarts,100 ft-lbs
2017,Toyota,Tacoma,2.7L,5W-30,5.5 quarts,100 ft-lbs
2017,Toyota,Tacoma,3.5L,5W-30,5.5 quarts,100 ft-lbs
2017,Toyota,Tacoma,3.5L,5W-30,5.5 quarts,100 ft-lbs
2017,Toyota,Tundra,4.6L,5W-30,7 quarts,100 ft-lbs
2017,Toyota,Tundra,4.6L,5W-30,7 quarts,100 ft-lbs
2017,Toyota,Tundra,5.7L,5W-30,8 quarts,100 ft-lbs
2017,Toyota,Tundra,5.7L,5W-30,8 quarts,100 ft-lbs
2017,Dodge,Charger,3.6L,5W-30,6 quarts,100 ft-lbs
2017,Dodge,Charger,3.6L,5W-30,6 quarts,100 ft-lbs
2017,Dodge,Charger,3.6L,5W-30,6 quarts,100 ft-lbs
2017,Dodge,Charger,3.6L,5W-30,6 quarts,100 ft-lbs
2017,Dodge,Charger,5.7L,5W-30,7 quarts,100 ft-lbs
2017,Dodge,Charger,5.7L,5W-30,7 quarts,100 ft-lbs
2017,Dodge,Challenger,3.6L,5W-30,5 quarts,100 ft-lbs
2017,Dodge,Challenger,3.6L,5W-30,5 quarts,100 ft-lbs
2017,Dodge,Challenger,3.6L,5W-30,5 quarts,100 ft-lbs
2017,Dodge,Challenger,3.6L,5W-30,5 quarts,100 ft-lbs
2017,Dodge,Challenger,5.7L,5W-30,7 quarts,100 ft-lbs
2017,Dodge,Challenger,5.7L,5W-30,7 quarts,100 ft-lbs
2017,Dodge,Grand Caravan,3.6L,5W-30,5.7 quarts,100 ft-lbs
2017,Dodge,Grand Caravan,3.6L,5W-30,5.7 quarts,100 ft-lbs
2017,Dodge,Journey,2.4L,5W-30,5 quarts,100 ft-lbs
2017,Dodge,Journey,2.4L,5W-30,5 quarts,100 ft-lbs
2017,Dodge,Journey,2.4L,5W-30,5 quarts,100 ft-lbs
2017,Dodge,Journey,2.4L,5W-30,5 quarts,100 ft-lbs
2017,Dodge,Journey,3.6L,5W-30,5.7 quarts,100 ft-lbs
2017,Dodge,Journey,3.6L,5W-30,5.7 quarts,100 ft-lbs
2017,Ram,1500,3.0L,5W-30,10 quarts,100 ft-lbs
2017,Ram,1500,3.0L,5W-30,10 quarts,100 ft-lbs
2017,Ram,1500,3.6L,5W-30,6 quarts,100 ft-lbs
2017,Ram,1500,3.6L,5W-30,6 quarts,100 ft-lbs
2017,Ram,1500,5.7L,5W-30,7 quarts,100 ft-lbs
2017,Ram,1500,5.7L,5W-30,7 quarts,100 ft-lbs
2017,Ram,1500,5.7L,5W-30,7 quarts,100 ft-lbs
2017,Ram,1500,5.7L,5W-30,7 quarts,100 ft-lbs
2017,Ram,2500,5.7L,5W-30,7 quarts,100 ft-lbs
2017,Ram,2500,5.7L,5W-30,7 quarts,100 ft-lbs
2017,Ram,2500,6.4L,5W-30,7 quarts,100 ft-lbs
2017,Ram,2500,6.4L,5W-30,7 quarts,100 ft-lbs
2017,Ram,2500,6.7L,5W-30,7 quarts,100 ft-lbs
2017,Ram,2500,6.7L,5W-30,7 quarts,100 ft-lbs
2017,Ram,3500,5.7L,5W-30,7 quarts,100 ft-lbs
2017,Ram,3500,5.7L,5W-30,7 quarts,100 ft-lbs
2017,Ram,3500,6.4L,5W-30,7 quarts,100 ft-lbs
2017,Ram,3500,6.4L,5W-30,7 quarts,100 ft-lbs
2017,Ram,3500,6.7L,5W-30,7 quarts,100 ft-lbs
2017,Ram,3500,6.7L,5W-30,7 quarts,100 ft-lbs
2017,Ram,Chassis Cab,5.7L,5W-30,7 quarts,100 ft-lbs
2017,Ram,Chassis Cab,5.7L,5W-30,7 quarts,100 ft-lbs
2017,Ram,Chassis Cab,6.4L,5W-30,7 quarts,100 ft-lbs
2017,Ram,Chassis Cab,6.4L,5W-30,7 quarts,100 ft-lbs
2017,Ram,Chassis Cab,6.7L,5W-30,7 quarts,100 ft-lbs
2017,Ram,Chassis Cab,6.7L,5W-30,7 quarts,100 ft-lbs
2016,Jeep,Cherokee,2.4L,5W-30,5 quarts,100 ft-lbs
2016,Jeep,Cherokee,2.4L,5W-30,5 quarts,100 ft-lbs
2016,Jeep,Cherokee,3.2L,5W-30,5 quarts,100 ft-lbs
2016,Jeep,Cherokee,3.2L,5W-30,5 quarts,100 ft-lbs
2016,Jeep,Compass,2.0L,5W-30,5 quarts,100 ft-lbs
2016,Jeep,Compass,2.0L,5W-30,5 quarts,100 ft-lbs
2016,Jeep,Grand Cherokee,3.0L,5W-30,6 quarts,100 ft-lbs
2016,Jeep,Grand Cherokee,3.0L,5W-30,6 quarts,100 ft-lbs
2016,Jeep,Grand Cherokee,3.6L,5W-30,6 quarts,100 ft-lbs
2016,Jeep,Grand Cherokee,3.6L,5W-30,6 quarts,100 ft-lbs
2016,Jeep,Patriot,2.0L,5W-30,4.5 quarts,100 ft-lbs
2016,Jeep,Patriot,2.0L,5W-30,4.5 quarts,100 ft-lbs
2016,Jeep,Patriot,2.4L,5W-30,4.5 quarts,100 ft-lbs
2016,Jeep,Patriot,2.4L,5W-30,4.5 quarts,100 ft-lbs
2016,Jeep,Renegade,1.4L,5W-30,4.5 quarts,100 ft-lbs
2016,Jeep,Renegade,1.4L,5W-30,4.5 quarts,100 ft-lbs
2016,Jeep,Renegade,2.4L,5W-30,4.5 quarts,100 ft-lbs
2016,Jeep,Renegade,2.4L,5W-30,4.5 quarts,100 ft-lbs
2016,Jeep,Wrangler,3.6L,5W-30,6 quarts,100 ft-lbs
2016,Jeep,Wrangler,3.6L,5W-30,6 quarts,100 ft-lbs
2016,Jeep,Wrangler,3.6L,5W-30,6 quarts,100 ft-lbs
2016,Jeep,Wrangler,3.6L,5W-30,6 quarts,100 ft-lbs
2016,Nissan,Altima,2.5L,5W-30,4.9 quarts,100 ft-lbs
2016,Nissan,Altima,2.5L,5W-30,4.9 quarts,100 ft-lbs
2016,Nissan,Altima,3.5L,5W-30,4.9 quarts,100 ft-lbs
2016,Nissan,Altima,3.5L,5W-30,4.9 quarts,100 ft-lbs
2016,Nissan,Maxima,3.5L,5W-30,4.9 quarts,100 ft-lbs
2016,Nissan,Maxima,3.5L,5W-30,4.9 quarts,100 ft-lbs
2016,Nissan,Maxima,3.5L,5W-30,4.9 quarts,100 ft-lbs
2016,Nissan,Maxima,3.5L,5W-30,4.9 quarts,100 ft-lbs
2016,Nissan,Sentra,1.8L,5W-30,4.8 quarts,100 ft-lbs
2016,Nissan,Sentra,1.8L,5W-30,4.8 quarts,100 ft-lbs
2016,Nissan,Sentra,1.8L,5W-30,4.8 quarts,100 ft-lbs
2016,Nissan,Sentra,1.8L,5W-30,4.8 quarts,100 ft-lbs
2016,Nissan,Versa,1.6L,5W-30,3.7 quarts,100 ft-lbs
2016,Nissan,Versa,1.6L,5W-30,3.7 quarts,100 ft-lbs
2016,Nissan,Versa,1.6L,5W-30,3.7 quarts,100 ft-lbs
2016,Nissan,Versa,1.6L,5W-30,3.7 quarts,100 ft-lbs
2016,Nissan,Versa,1.6L,5W-30,3.7 quarts,100 ft-lbs
2016,Toyota,Corolla,1.8L,5W-30,4.4 quarts,100 ft-lbs
2016,Toyota,Corolla,1.8L,5W-30,4.4 quarts,100 ft-lbs
2016,Toyota,Corolla,1.8L,5W-30,4.4 quarts,100 ft-lbs
2016,Toyota,Corolla,1.8L,5W-30,4.4 quarts,100 ft-lbs
2016,Toyota,Camry,2.5L,5W-30,4.5 quarts,100 ft-lbs
2016,Toyota,Camry,2.5L,5W-30,4.5 quarts,100 ft-lbs
2016,Toyota,Camry,3.5L,5W-30,6 quarts,100 ft-lbs
2016,Toyota,Camry,3.5L,5W-30,6 quarts,100 ft-lbs
2016,Toyota,Rav4,2.5L,5W-30,4.6 quarts,100 ft-lbs
2016,Toyota,Rav4,2.5L,5W-30,4.6 quarts,100 ft-lbs
2016,Toyota,Rav4,2.5L,5W-30,4.6 quarts,100 ft-lbs
2016,Toyota,Rav4,2.5L,5W-30,4.6 quarts,100 ft-lbs
2016,Toyota,Highlander,2.7L,5W-30,5 quarts,100 ft-lbs
2016,Toyota,Highlander,2.7L,5W-30,5 quarts,100 ft-lbs
2016,Toyota,Highlander,3.5L,5W-30,5.8 quarts,100 ft-lbs
2016,Toyota,Highlander,3.5L,5W-30,5.8 quarts,100 ft-lbs
2016,Toyota,4Runner,4.0L,5W-30,6 quarts,100 ft-lbs
2016,Toyota,4Runner,4.0L,5W-30,6 quarts,100 ft-lbs
2016,Toyota,Avalon,3.5L,5W-30,5.7 quarts,100 ft-lbs
2016,Toyota,Avalon,3.5L,5W-30,5.7 quarts,100 ft-lbs
2016,Toyota,Sequoia,5.7L,5W-30,7 quarts,100 ft-lbs
2016,Toyota,Sequoia,5.7L,5W-30,7 quarts,100 ft-lbs
2016,Toyota,Tacoma,2.7L,5W-30,5.5 quarts,100 ft-lbs
2016,Toyota,Tacoma,2.7L,5W-30,5.5 quarts,100 ft-lbs
2016,Toyota,Tacoma,3.5L,5W-30,5.5 quarts,100 ft-lbs
2016,Toyota,Tacoma,3.5L,5W-30,5.5 quarts,100 ft-lbs
2016,Toyota,Tundra,4.6L,5W-30,7 quarts,100 ft-lbs
2016,Toyota,Tundra,4.6L,5W-30,7 quarts,100 ft-lbs
2016,Toyota,Tundra,5.7L,5W-30,8 quarts,100 ft-lbs
2016,Toyota,Tundra,5.7L,5W-30,8 quarts,100 ft-lbs
2016,Dodge,Charger,3.6L,5W-30,6 quarts,100 ft-lbs
2016,Dodge,Charger,3.6L,5W-30,6 quarts,100 ft-lbs
2016,Dodge,Charger,3.6L,5W-30,6 quarts,100 ft-lbs
2016,Dodge,Charger,3.6L,5W-30,6 quarts,100 ft-lbs
2016,Dodge,Charger,5.7L,5W-30,7 quarts,100 ft-lbs
2016,Dodge,Charger,5.7L,5W-30,7 quarts,100 ft-lbs
2016,Dodge,Challenger,3.6L,5W-30,5 quarts,100 ft-lbs
2016,Dodge,Challenger,3.6L,5W-30,5 quarts,100 ft-lbs
2016,Dodge,Challenger,3.6L,5W-30,5 quarts,100 ft-lbs
2016,Dodge,Challenger,3.6L,5W-30,5 quarts,100 ft-lbs
2016,Dodge,Challenger,5.7L,5W-30,7 quarts,100 ft-lbs
2016,Dodge,Challenger,5.7L,5W-30,7 quarts,100 ft-lbs
2016,Dodge,Grand Caravan,3.6L,5W-30,5.7 quarts,100 ft-lbs
2016,Dodge,Grand Caravan,3.6L,5W-30,5.7 quarts,100 ft-lbs
2016,Dodge,Journey,2.4L,5W-30,5 quarts,100 ft-lbs
2016,Dodge,Journey,2.4L,5W-30,5 quarts,100 ft-lbs
2016,Dodge,Journey,2.4L,5W-30,5 quarts,100 ft-lbs
2016,Dodge,Journey,2.4L,5W-30,5 quarts,100 ft-lbs
2016,Dodge,Journey,2.4L,5W-30,5 quarts,100 ft-lbs
2016,Dodge,Journey,3.6L,5W-30,5.7 quarts,100 ft-lbs
2016,Dodge,Journey,3.6L,5W-30,5.7 quarts,100 ft-lbs
2016,Ram,1500,3.0L,5W-30,10 quarts,100 ft-lbs
2016,Ram,1500,3.0L,5W-30,10 quarts,100 ft-lbs
2016,Ram,1500,3.6L,5W-30,6 quarts,100 ft-lbs
2016,Ram,1500,3.6L,5W-30,6 quarts,100 ft-lbs
2016,Ram,1500,5.7L,5W-30,7 quarts,100 ft-lbs
2016,Ram,1500,5.7L,5W-30,7 quarts,100 ft-lbs
2016,Ram,1500,5.7L,5W-30,7 quarts,100 ft-lbs
2016,Ram,1500,5.7L,5W-30,7 quarts,100 ft-lbs
2016,Ram,2500,5.7L,5W-30,7 quarts,100 ft-lbs
2016,Ram,2500,5.7L,5W-30,7 quarts,100 ft-lbs
2016,Ram,2500,6.4L,5W-30,7 quarts,100 ft-lbs
2016,Ram,2500,6.4L,5W-30,7 quarts,100 ft-lbs
2016,Ram,2500,6.7L,5W-30,7 quarts,100 ft-lbs
2016,Ram,2500,6.7L,5W-30,7 quarts,100 ft-lbs
2016,Ram,3500,5.7L,5W-30,7 quarts,100 ft-lbs
2016,Ram,3500,5.7L,5W-30,7 quarts,100 ft-lbs
2016,Ram,3500,6.4L,5W-30,7 quarts,100 ft-lbs
2016,Ram,3500,6.4L,5W-30,7 quarts,100 ft-lbs
2016,Ram,3500,6.7L,5W-30,7 quarts,100 ft-lbs
2016,Ram,3500,6.7L,5W-30,7 quarts,100 ft-lbs
2016,Ram,Chassis Cab,5.7L,5W-30,7 quarts,100 ft-lbs
2016,Ram,Chassis Cab,5.7L,5W-30,7 quarts,100 ft-lbs
2016,Ram,Chassis Cab,6.4L,5W-30,7 quarts,100 ft-lbs
2016,Ram,Chassis Cab,6.4L,5W-30,7 quarts,100 ft-lbs
2016,Ram,Chassis Cab,6.7L,5W-30,7 quarts,100 ft-lbs
2016,Ram,Chassis Cab,6.7L,5W-30,7 quarts,100 ft-lbs
2016,Ram,ProMaster City,2.4L,5W-30,5 quarts,100 ft-lbs
2016,Ram,ProMaster City,2.4L,5W-30,5 quarts,100 ft-lbs
2016,Dodge,Dart,1.4L,5W-30,4.7 quarts,100 ft-lbs
2016,Dodge,Dart,1.4L,5W-30,4.7 quarts,100 ft-lbs
2016,Dodge,Dart,2.0L,5W-30,5.8 quarts,100 ft-lbs
2016,Dodge,Dart,2.0L,5W-30,5.8 quarts,100 ft-lbs
2016,Dodge,Dart,2.4L,5W-30,6 quarts,100 ft-lbs
2016,Dodge,Dart,2.4L,5W-30,6 quarts,100 ft-lbs
2016,Dodge,Durango,3.6L,5W-30,6 quarts,100 ft-lbs
2016,Dodge,Durango,3.6L,5W-30,6 quarts,100 ft-lbs
2016,Dodge,Durango,5.7L,5W-30,7 quarts,100 ft-lbs
2016,Dodge,Durango,5.7L,5W-30,7 quarts,100 ft-lbs
2016,Dodge,Grand Caravan,3.6L,5W-30,5 quarts,100 ft-lbs
2016,Ford,Escape,1.5L,5W-30,4.7,100
2016,Ford,Focus,2.0L,5W-20,4.3,100
2016,Ford,Fusion,2.5L,5W-20,5.7,100
2016,Ford,Edge,3.5L,5W-20,6.0,100
2016,Ford,Explorer,3.5L,5W-20,6.0,100
2016,Ford,Expedition,3.5L,5W-20,6.0,100
2016,Ford,F-150,3.5L,5W-20,6.0,150
2016,Ford,F-250,6.2L,5W-20,7.7,150
2016,Ford,F-350,6.2L,5W-20,7.7,150
2016,Ford,F-450,6.7L,15W-40,8.0,150
2016,Ford,F-550,6.7L,15W-40,8.0,150
2016,Chevrolet,Cruze,1.4L,5W-30,4.5,100
2016,Chevrolet,Malibu,1.5L,5W-30,4.0,100
2016,Chevrolet,Impala,2.5L,5W-30,6.0,100
2016,Chevrolet,Sonic,1.8L,5W-30,4.0,100
2016,Chevrolet,Trax,1.4L,5W-30,4.7,100
2016,Chevrolet,Equinox,1.5L,5W-30,4.5,100
2016,Chevrolet,Colorado,2.5L,5W-30,6.0,100
2016,Chevrolet,Camaro,2.0L,5W-30,6.0,100
2016,Chevrolet,Suburban,5.3L,5W-30,6.0,100
2016,Chevrolet,Tahoe,5.3L,5W-30,6.0,100
2016,Chevrolet,Traverse,3.6L,5W-30,5.0,100
2016,Chevrolet,Silverado,5.3L,5W-30,6.0,150
2016,Chevrolet,Express,6.0L,5W-30,6.0,150
2016,Chevrolet,City Express,2.0L,5W-30,4.0,100
2017,Ford,Escape,1.5L,5W-30,4.7,100
2017,Ford,Focus,2.0L,5W-20,4.3,100
2017,Ford,Fusion,2.5L,5W-20,5.7,100
2017,Ford,Edge,3.5L,5W-20,6.0,100
2017,Ford,Explorer,3.5L,5W-20,6.0,100
2017,Ford,Expedition,3.5L,5W-20,6.0,100
2017,Ford,F-150,3.5L,5W-20,6.0,150
2017,Ford,F-250,6.2L,5W-20,7.7,150
2017,Ford,F-350,6.2L,5W-20,7.7,150
2017,Ford,F-450,6.7L,15W-40,8.0,150
2017,Ford,F-550,6.7L,15W-40,8.0,150
2017,Chevrolet,Cruze,1.4L,5W-30,4.5,100
2017,Chevrolet,Malibu,1.5L,5W-30,4.0,100
2017,Chevrolet,Impala,2.5L,5W-30,6.0,100
2017,Chevrolet,Sonic,1.8L,5W-30,4.0,100
2017,Chevrolet,Trax,1.4L,5W-30,4.7,100
2017,Chevrolet,Equinox,1.5L,5W-30,4.5,100
2017,Chevrolet,Colorado,2.5L,5W-30,6.0,100
2017,Chevrolet,Camaro,2.0L,5W-30,6.0,100
2017,Chevrolet,Suburban,5.3L,5W-30,6.0,100
2017,Chevrolet,Tahoe,5.3L,5W-30,6.0,100
2017,Chevrolet,Traverse,3.6L,5W-30,5.0,100
2017,Chevrolet,Silverado,5.3L,5W-30,6.0,150
2017,Chevrolet,Express,6.0L,5W-30,6.0,150
2017,Chevrolet,City Express,2.0L,5W-30,4.0,100
2016,Ford,Mustang,2.3L,5W-30,5.7,100
2016,Ford,Taurus,3.5L,5W-30,5.7,100
2016,Ford,F-650,6.7L,15W-40,8.0,150
2016,Ford,F-750,6.7L,15W-40,8.0,150
2017,Ford,Mustang,2.3L,5W-30,5.7,100
2017,Ford,Taurus,3.5L,5W-30,5.7,100
2017,Ford,F-650,6.7L,15W-40,8.0,150
2017,Ford,F-750,6.7L,15W-40,8.0,150
2016,Chevrolet,Malibu Hybrid,1.8L,5W-30,4.0,100
2016,Chevrolet,Volt,1.5L,5W-30,4.5,100
2016,Chevrolet,Bolt EV,60 kWh Battery,NA,NA,NA
2017,Chevrolet,Malibu Hybrid,1.8L,5W-30,4.0,100
2017,Chevrolet,Volt,1.5L,5W-30,4.5,100
2017,Chevrolet,Bolt EV,60 kWh Battery,NA,NA,NA
2016,Chevrolet,Silverado 1500,4.3L,5W-30,6.0,100
2016,Chevrolet,Silverado 1500,5.3L,5W-30,6.0,100
2016,Chevrolet,Silverado 1500,6.2L,5W-30,6.0,100
2016,Chevrolet,Colorado,2.5L,5W-30,6.0,100
2016,Chevrolet,Colorado,3.6L,5W-30,6.0,100
2016,Chevrolet,Express 2500,4.8L,5W-30,6.0,100
2016,Chevrolet,Express 2500,6.0L,5W-30,6.0,100
2016,Chevrolet,Express 3500,4.8L,5W-30,6.0,100
2016,Chevrolet,Express 3500,6.0L,5W-30,6.0,100
2017,Chevrolet,Silverado 1500,4.3L,5W-30,6.0,100
2017,Chevrolet,Silverado 1500,5.3L,5W-30,6.0,100
2017,Chevrolet,Silverado 1500,6.2L,5W-30,6.0,100
2017,Chevrolet,Colorado,2.5L,5W-30,6.0,100
2017,Chevrolet,Colorado,3.6L,5W-30,6.0,100
2017,Chevrolet,Express 2500,4.8L,5W-30,6.0,100
2017,Chevrolet,Express 2500,6.0L,5W-30,6.0,100
2017,Chevrolet,Express 3500,4.8L,5W-30,6.0,100
2017,Chevrolet,Express 3500,6.0L,5W-30,6.0,100
2016,Ford,F-150,2.7L,5W-30,6.0,100
2016,Ford,F-150,3.5L,5W-30,6.0,100
2016,Ford,F-150,5.0L,5W-30,6.0,100
2016,Ford,Transit Connect,2.5L,5W-30,6.0,100
2016,Ford,Transit Connect,1.6L,5W-30,6.0,100
2017,Ford,F-150,2.7L,5W-30,6.0,100
2017,Ford,F-150,3.5L,5W-30,6.0,100
2017,Ford,F-150,5.0L,5W-30,6.0,100
2017,Ford,Transit Connect,2.5L,5W-30,6.0,100
2017,Ford,Transit Connect,1.6L,5W-30,6.0,100
2016,Chevrolet,Spark,1.4L,5W-30,4.7,100
2016,Chevrolet,Sonic,1.4L,5W-30,4.7,100
2016,Chevrolet,Sonic,1.8L,5W-30,4.7,100
2016,Chevrolet,Cruze,1.4L,5W-30,4.7,100
2016,Chevrolet,Cruze,1.8L,5W-30,4.7,100
2017,Chevrolet,Spark,1.4L,5W-30,4.7,100
2017,Chevrolet,Sonic,1.4L,5W-30,4.7,100
2017,Chevrolet,Sonic,1.8L,5W-30,4.7,100
2017,Chevrolet,Cruze,1.4L,5W-30,4.7,100
2017,Chevrolet,Cruze,1.8L,5W-30,4.7,100
2014,Jeep,Cherokee,2.4L,5W-30,5.0,110
2014,Jeep,Cherokee,3.2L,5W-30,5.0,110
2014,Jeep,Grand Cherokee,3.0L,5W-30,6.0,120
2014,Jeep,Grand Cherokee,3.6L,5W-30,6.0,120
2014,Jeep,Grand Cherokee,5.7L,5W-30,6.0,120
2014,Jeep,Grand Cherokee,6.4L,5W-30,6.0,120
2014,Jeep,Wrangler,3.6L,5W-30,5.0,110
2014,Jeep,Wrangler,3.8L,5W-30,5.0,110
2014,Nissan,Altima,2.5L,5W-30,4.7,100
2014,Nissan,Altima,3.5L,5W-30,4.7,100
2014,Nissan,Maxima,3.5L,5W-30,4.7,100
2014,Nissan,Pathfinder,3.5L,5W-30,6.0,110
2014,Nissan,Pathfinder,4.0L,5W-30,6.0,110
2014,Nissan,Rogue,2.5L,5W-30,5.0,110
2014,Nissan,Titan,5.6L,5W-30,6.0,120
2014,Toyota,Corolla,1.8L,5W-30,4.7,100
2014,Toyota,Camry,2.5L,5W-30,4.7,100
2014,Toyota,Camry,3.5L,5W-30,5.0,110
2014,Toyota,Tacoma,2.7L,5W-30,5.0,110
2014,Toyota,Tacoma,4.0L,5W-30,5.0,110
2014,Dodge,Charger,3.6L,5W-30,4.7,100
2014,Dodge,Charger,5.7L,5W-30,4.7,100
2014,Dodge,Challenger,3.6L,5W-30,4.7,100
2014,Dodge,Challenger,5.7L,5W-30,4.7,100
2014,Dodge,Dart,1.4L,5W-30,4.7,100
2014,Dodge,Dart,2.0L,5W-30,4.7,100
2014,Dodge,Durango,3.6L,5W-30,6.0,110
2014,Dodge,Durango,5.7L,5W-30,6.0,110
2014,Dodge,Grand Caravan,3.6L,5W-30,6.0,110
2014,Dodge,Grand Caravan,3.8L,5W-30,6.0,110
2014,Ram,1500,3.6L,5W-30,6.0,120
2014,Ram,1500,5.7L,5W-30,6.0,120
2014,Ram,2500,5.7L,5W-30,6.0,120
2014,Ram,2500,6.4L,5W-30,6.0,120
2014,Ram,3500,5.7L,5W-30,6.0,120
2014,Ram,3500,6.4L,5W-30,6.0,120
2015,Jeep,Cherokee,2.4L,5W-30,5.0,110
2015,Jeep,Cherokee,3.2L,5W-30,5.0,110
2015,Jeep,Grand Cherokee,3.0L,5W-30,6.0,120
2015,Jeep,Grand Cherokee,3.6L,5W-30,6.0,120
2015,Jeep,Grand Cherokee,5.7L,5W-30,6.0,120
2015,Jeep,Grand Cherokee,6.4L,5W-30,6.0,120
2015,Jeep,Wrangler,3.6L,5W-30,5.0,110
2015,Jeep,Wrangler,3.8L,5W-30,5.0,110
2015,Nissan,Altima,2.5L,5W-30,4.7,100
2015,Nissan,Altima,3.5L,5W-30,4.7,100
2015,Nissan,Maxima,3.5L,5W-30,4.7,100
2015,Nissan,Pathfinder,3.5L,5W-30,6.0,110
2015,Nissan,Pathfinder,4.0L,5W-30,6.0,110
2015,Nissan,Rogue,2.5L,5W-30,5.0,110
2015,Nissan,Titan,5.6L,5W-30,6.0,120
2015,Toyota,Corolla,1.8L,5W-30,4.7,100
2015,Toyota,Camry,2.5L,5W-30,4.7,100
2015,Toyota,Camry,3.5L,5W-30,5.0,110
2015,Toyota,Tacoma,2.7L,5W-30,5.0,110
2015,Toyota,Tacoma,4.0L,5W-30,5.0,110
2015,Dodge,Charger,3.6L,5W-30,4.7,100
2015,Dodge,Charger,5.7L,5W-30,4.7,100
2015,Dodge,Challenger,3.6L,5W-30,4.7,100
2015,Dodge,Challenger,5.7L,5W-30,4.7,100
2015,Dodge,Dart,1.4L,5W-30,4.7,100
2015,Dodge,Dart,2.0L,5W-30,4.7,100
2015,Dodge,Durango,3.6L,5W-30,6.0,110
2015,Dodge,Durango,5.7L,5W-30,6.0,110
2015,Dodge,Grand Caravan,3.6L,5W-30,6.0,110
2015,Dodge,Grand Caravan,3.8L,5W-30,6.0,110
2015,Ram,1500,3.6L,5W-30,6.0,120
2015,Ram,1500,5.7L,5W-30,6.0,120
2015,Ram,2500,5.7L,5W-30,6.0,120
2015,Ram,2500,6.4L,5W-30,6.0,120
2015,Ram,3500,5.7L,5W-30,6.0,120
2015,Ram,3500,6.4L,5W-30,6.0,120
2015,Jeep,Cherokee,2.4L,5W-30,5.0,100
2015,Jeep,Cherokee,3.2L,5W-30,5.0,100
2015,Jeep,Grand Cherokee,3.0L,5W-30,6.0,110
2015,Jeep,Grand Cherokee,3.6L,5W-30,6.0,110
2015,Jeep,Grand Cherokee,5.7L,5W-30,6.0,110
2015,Jeep,Patriot,2.0L,5W-30,5.0,100
2015,Jeep,Patriot,2.4L,5W-30,5.0,100
2015,Jeep,Wrangler,3.6L,5W-30,6.0,110
2015,Jeep,Wrangler,3.8L,5W-30,6.0,110
2014,Dodge,Charger,3.6L,5W-30,5.5,110
2014,Dodge,Charger,5.7L,5W-30,5.5,110
2014,Dodge,Charger,6.4L,5W-30,5.5,110
2014,Dodge,Durango,3.6L,5W-30,6.0,110
2014,Dodge,Durango,5.7L,5W-30,6.0,110
2014,Dodge,Grand Caravan,3.6L,5W-30,6.0,110
2014,Dodge,Grand Caravan,3.8L,5W-30,6.0,110
2014,Ram,1500,3.6L,5W-30,6.0,120
2014,Ram,1500,5.7L,5W-30,6.0,120
2014,Ram,2500,5.7L,5W-30,6.0,120
2014,Ram,2500,6.4L,5W-30,6.0,120
2014,Ram,3500,5.7L,5W-30,6.0,120
2014,Ram,3500,6.4L,5W-30,6.0,120
2014,Jeep,Cherokee,2.4L,5W-30,5.0,100
2014,Jeep,Cherokee,3.2L,5W-30,5.0,100
2014,Jeep,Grand Cherokee,3.0L,5W-30,6.0,110
2014,Jeep,Grand Cherokee,3.6L,5W-30,6.0,110
2014,Jeep,Grand Cherokee,5.7L,5W-30,6.0,110
2014,Jeep,Patriot,2.0L,5W-30,5.0,100
2014,Jeep,Patriot,2.4L,5W-30,5.0,100
2014,Jeep,Wrangler,3.6L,5W-30,6.0,110
2014,Jeep,Wrangler,3.8L,5W-30,6.0,110
2014,Nissan,Altima,2.5L,5W-30,4.2,80
2014,Nissan,Armada,5.6L,5W-30,6.9,100
2014,Nissan,Cube,1.8L,5W-30,3.7,80
2014,Nissan,Frontier,2.5L,5W-30,4.9,80
2014,Nissan,Frontier,4.0L,5W-30,4.9,80
2014,Nissan,Juke,1.6L,5W-30,4.4,80
2014,Nissan,Maxima,3.5L,5W-30,4.9,80
2014,Nissan,Murano,3.5L,5W-30,5.4,80
2014,Nissan,NV200,2.0L,5W-30,4.5,80
2014,Nissan,Pathfinder,3.5L,5W-30,5.5,80
2014,Nissan,Quest,3.5L,5W-30,5.2,80
2014,Nissan,Rogue,2.5L,5W-30,4.2,80
2014,Nissan,Sentra,1.8L,5W-30,4.0,80
2014,Nissan,Titan,5.6L,5W-30,6.0,80
2014,Nissan,Versa,1.6L,5W-30,3.7,80
2014,Nissan,Xterra,4.0L,5W-30,5.0,80
2014,Toyota,4Runner,4.0L,5W-30,6.6,100
2014,Toyota,Avalon,3.5L,5W-30,6.4,100
2014,Toyota,Camry,2.5L,5W-30,4.5,80
2014,Toyota,Corolla,1.8L,5W-30,4.4,80
2014,Toyota,FJ Cruiser,4.0L,5W-30,6.1,100
2014,Toyota,Highlander,2.7L,5W-30,5.8,80
2014,Toyota,Highlander,3.5L,5W-30,5.8,80
2014,Toyota,Land Cruiser,5.7L,5W-30,9.2,100
2014,Toyota,Prius,1.8L,0W-20,3.9,80
2014,Toyota,Prius V,1.8L,0W-20,4.4,80
2014,Toyota,Rav4,2.5L,5W-30,4.6,80
2014,Toyota,Sequoia,5.7L,5W-30,9.8,100
2014,Toyota,Sienna,3.5L,5W-30,6.4,100
2014,Toyota,Tacoma,2.7L,5W-30,5.5,100
2014,Toyota,Tacoma,4.0L,5W-30,5.5,100
2014,Toyota,Tundra,4.0L,5W-30,8.5,100
2014,Toyota,Tacoma,4.6L,5W-30,8.5,100
2014,Toyota,Yaris,1.5L,5W-30,3.8,80
2014,Chevrolet,Camaro,3.6L,5W-30,5.5,100
2014,Chevrolet,Camaro,6.2L,5W-30,5.5,100
2014,Chevrolet,Captiva Sport,2.4L,5W-30,4.5,100
2014,Chevrolet,Captiva Sport,3.0L,5W-30,4.5,100
2014,Chevrolet,Corvette,6.2L,5W-30,8.0,120
2014,Chevrolet,Cruze,1.4L,5W-30,4.0,100
2014,Chevrolet,Cruze,1.8L,5W-30,4.0,100
2014,Chevrolet,Equinox,2.4L,5W-30,5.0,100
2014,Chevrolet,Equinox,3.6L,5W-30,5.0,100
2014,Chevrolet,Express 1500,4.3L,5W-30,6.0,140
2014,Chevrolet,Express 2500,4.8L,5W-30,6.0,140
2014,Chevrolet,Impala,2.4L,5W-30,6.0,100
2014,Chevrolet,Impala,3.6L,5W-30,6.0,100
2014,Chevrolet,Malibu,2.0L,5W-30,6.0,100
2014,Chevrolet,Malibu,2.5L,5W-30,6.0,100
2014,Chevrolet,Silverado 1500,4.3L,5W-30,6.0,140
2014,Chevrolet,Silverado 1500,5.3L,5W-30,6.0,140
2014,Chevrolet,Silverado 1500,6.2L,5W-30,6.0,140
2014,Chevrolet,Silverado 2500HD,6.0L,5W-30,6.0,140
2014,Chevrolet,Silverado 2500HD,6.6L,5W-30,6.0,140
2014,Chevrolet,Silverado 3500HD,6.0L,5W-30,6.0,140
2014,Chevrolet,Silverado 3500HD,6.6L,5W-30,6.0,140
2014,Chevrolet,Sonic,1.4L,5W-30,4.5,100
2014,Chevrolet,Sonic,1.8L,5W-30,4.5,100
2014,Chevrolet,Spark,1.2L,5W-30,3.7,80
2014,Chevrolet,Spark EV,0.0L,0W-20,3.7,80
2014,Chevrolet,Sportvan 1500,4.3L,5W-30,6.0,140
2014,Chevrolet,SS,6.2L,5W-30,8.0,120
2014,Chevrolet,Suburban 1500,5.3L,5W-30,6.0,140
2014,Chevrolet,Suburban 2500,6.0L,5W-30,6.0,140
2014,Chevrolet,Tahoe,5.3L,5W-30,6.0,140
2014,Chevrolet,Tahoe,6.0L,5W-30,6.0,140
2014,Chevrolet,Traverse,3.6L,5W-30,6.0,100
2014,Chevrolet,Trax,1.4L,5W-30,4.7,100
2014,Chevrolet,Trax,1.8L,5W-30,4.7,100
2014,Chevrolet,Express 1500,4.3L,5W-30,6.0,140
2014,Chevrolet,Express 2500,4.8L,5W-30,6.0,140
2014,Chevrolet,Impala,2.4L,5W-30,6.0,100
2014,Chevrolet,Impala,3.6L,5W-30,6.0,100
2014,Chevrolet,Malibu,2.0L,5W-30,6.0,100
2014,Chevrolet,Malibu,2.5L,5W-30,6.0,100
2014,Chevrolet,Silverado 1500,4.3L,5W-30,6.0,140
2014,Chevrolet,Silverado 1500,5.3L,5W-30,6.0,140
2014,Chevrolet,Silverado 1500,6.2L,5W-30,6.0,140
2014,Chevrolet,Silverado 2500HD,6.0L,5W-30,6.0,140
2014,Chevrolet,Silverado 2500HD,6.6L,5W-30,6.0,140
2014,Chevrolet,Silverado 3500HD,6.0L,5W-30,6.0,140
2014,Chevrolet,Silverado 3500HD,6.6L,5W-30,6.0,140
2014,Chevrolet,Sonic,1.4L,5W-30,4.5,100
2014,Chevrolet,Sonic,1.8L,5W-30,4.5,100
2014,Chevrolet,Spark,1.2L,5W-30,3.7,80
2014,Chevrolet,Spark EV,0.0L,0W-20,3.7,80
2014,Chevrolet,Sportvan 1500,4.3L,5W-30,6.0,140
2014,Chevrolet,SS,6.2L,5W-30,8.0,120
2014,Chevrolet,Suburban 1500,5.3L,5W-30,6.0,140
2014,Chevrolet,Suburban 2500,6.0L,5W-30,6.0,140
2014,Chevrolet,Tahoe,5.3L,5W-30,6.0,140
2014,Chevrolet,Tahoe,6.0L,5W-30,6.0,140
2014,Chevrolet,Traverse,3.6L,5W-30,6.0,100
2014,Chevrolet,Trax,1.4L,5W-30,4.7,100
2014,Chevrolet,Trax,1.8L,5W-30,4.7,100
2014,Ford,C-Max Energi,2.0L,5W-20,5.7,100
2014,Ford,C-Max Hybrid,2.0L,5W-20,5.7,100
2014,Ford,E-150,4.6L,5W-20,6.0,150
2014,Ford,E-150,5.4L,5W-20,6.0,150
2014,Ford,E-250,4.6L,5W-20,6.0,150
2014,Ford,E-250,5.4L,5W-20,6.0,150
2014,Ford,E-350 Super Duty,5.4L,5W-20,6.0,150
2014,Ford,E-350 Super Duty,6.8L,5W-20,6.0,150
2014,Ford,E-450 Super Duty,6.8L,5W-20,6.0,150
2014,Ford,Edge,2.0L,5W-20,5.7,150
2014,Ford,Edge,3.5L,5W-20,5.7,150
2014,Ford,Escape,1.6L,5W-20,5.7,150
2014,Ford,Escape,2.0L,5W-20,5.7,150
2014,Ford,Escape,2.5L,5W-20,5.7,150
2014,Ford,Expedition,5.4L,5W-20,6.0,150
2014,Ford,Explorer,3.5L,5W-20,5.7,150
2014,Ford,F-150,3.5L,5W-20,6.0,150
2014,Ford,F-150,3.7L,5W-20,6.0,150
2014,Ford,F-150,5.0L,5W-20,6.0,150
2014,Ford,F-150,6.2L,5W-20,6.0,150
2014,Ford,F-250 Super Duty,6.2L,5W-20,6.0,150
2014,Ford,F-250 Super Duty,6.7L,5W-20,6.0,150
2014,Ford,F-350 Super Duty,6.2L,5W-20,6.0,150
2014,Ford,F-350 Super Duty,6.7L,5W-20,6.0,150
2014,Ford,F-450 Super Duty,6.7L,5W-20,6.0,150
2014,Ford,Fiesta,1.6L,5W-20,4.3,100
2014,Ford,Focus,2.0L,5W-20,4.3,100
2014,Ford,Fusion,1.5L,5W-20,5.7,150
2014,Ford,Fusion,1.6L,5W-20,5.7,150
2014,Ford,Fusion,2.0L,5W-20,5.7,150
2014,Ford,Fusion,2.5L,5W-20,5.7,150
2014,Ford,Mustang,3.7L,5W-20,5.7,150
2014,Ford,Mustang,5.0L,5W-20,5.7,150
2014,Ford,Taurus,2.0L,5W-20,5.7,150
2014,Ford,Taurus,3.5L,5W-20,5.7,150
2014,Ford,Transit Connect,1.6L,5W-20,5.7,150
2014,Ford,Transit Connect,2.5L,5W-20,5.7,150

